"Company: ","AptarGroup Inc (ATR:US)","","","","","","","","","","","","","","","","","","","","","","","",""
"Exchange: ","NYSE","","","","","","","","","","","","","","","","","","","","","","","",""
"Last Close Price: ","144.86","","","","","","","","","","","","","","","","","","","","","","","",""
"Industry: ","Containers & Packaging","","","","","","","","","","","","","","","","","","","","","","","",""
"Currency: ","USD","","","","","","","","","","","","","","","","","","","","","","","",""
"Country: ","US","","","","","","","","","","","","","","","","","","","","","","","",""
"Market Cap.: ","9722","","","","","","","","","","","","","","","","","","","","","","","",""
"Enterprise Value: ","10201","","","","","","","","","","","","","","","","","","","","","","","",""
"period_end_date","2000-12","2001-12","2002-12","2003-12","2004-12","2005-12","2006-12","2007-12","2008-12","2009-12","2010-12","2011-12","2012-12","2013-12","2014-12","2015-12","2016-12","2017-12","2018-12","2019-12","2020-12","2021-12","2022-12","2023-12","TTM"
"revenue","883.481","891.986","926.691","1114.689","1296.608","1380.009","1601.385","1892.167","2071.685","1841.616","2076.719","2337.183","2331.036","2520.013","2597.809","2317.149","2330.934","2469.283","2764.761","2859.732","2929.34","3227.221","3322.249","3487.45","3542.831"
"cogs","553.6420000000001","562.814","593.723","732.038","866.865","927.585","1086.269","1283.773","1411.275","1225.67","1378.792","1568.286","1590.365","1708.936","1755.266","1502.65","1496.174","1603.07","1812.961","1818.398","1842.821","2070.538","2158.411","2224.051","2249.385"
"gross_profit","329.839","329.172","332.968","382.651","429.743","452.424","515.116","608.394","660.41","615.946","697.927","768.897","740.671","811.077","842.543","814.499","834.76","866.213","951.8","1041.334","1086.519","1156.683","1163.838","1263.399","1293.446"
"sga","145","146.137","148.348","172.854","194.366","203.389","238.907","274.196","295.094","276.989","296.861","347.629","341.634","364.747","383.909","351.461","366.269","387.424","429.955","454.617","500.229","551.242","544.2619999999999","565.783","570.64"
"rnd","","","","","","","","","","","","","","","","","","","","","","","","",""
"special_charges","","","","","","","","","","","","","","","","","","","","","","","","",""
"other_opex","70.949","81.167","77.547","85.851","94.49299999999999","99.242","114.606","123.466","131.145","133.013","132.959","134.243","137.022","149.956","152.218","138.893","154.802","153.094","171.747","194.552","220.3","234.853","233.706","248.593","253.683"
"total_opex","215.949","227.304","225.895","258.705","288.859","302.631","353.513","397.662","426.239","410.002","429.82","481.872","478.656","514.703","536.127","490.354","521.071","540.518","601.702","649.169","720.529","786.095","777.968","814.376","824.323"
"operating_income","113.89","101.868","107.073","123.946","140.884","149.793","161.603","210.732","234.171","205.944","268.107","287.025","262.015","296.374","306.416","324.145","313.689","325.695","350.098","392.165","365.99","370.588","385.87","449.023","469.123"
"net_interest_income_normal","","","","","","","","-10.574","-5.567","-13.152","-11.123","-11.578","-15.954","-17.281","-16.232","-29.019","-32.594","-35.127","-25.57","-31.315","-32.286","-26.616","-38.127","-36.045","-33.766"
"other_nonoperating_income","-15.968","-13.513","-8.715","-6.676","-3.707","-7.84","-13.297","-0.163","-1.878","-8.734","-2.599","-0.505","-4.688","-14.71","-3.883","-0.555","-0.598","4.257","-58.508","-18.781","-32.549","-22.317","-13.039","-38.153","-29.483"
"pretax_income","97.922","88.355","98.358","117.27","137.177","141.953","148.306","199.995","226.726","184.058","254.385","274.942","241.373","264.383","286.301","294.571","280.497","294.825","266.02","342.069","301.155","321.655","334.704","374.825","405.874"
"income_tax","-33.256","-29.447","-31.711","-37.591","-43.89","-41.919","-45.41","-60.488","-73.22499999999999","-59.461","-80.79600000000001","-91.312","-78.953","-92.45699999999999","-94.67700000000001","-95.276","-74.893","-74.79600000000001","-71.254","-99.842","-87.065","-78.017","-95.149","-90.649","-93.351"
"net_income_continuing","64.666","58.908","66.64700000000001","79.679","93.28700000000001","100.034","102.896","139.507","153.501","124.597","173.589","183.63","162.42","171.926","191.624","199.295","205.604","220.029","194.766","242.227","214.09","243.638","239.555","284.176","312.523"
"net_income_discontinued","","","","","","","","2.232","","","","","","","","","","","","","","","","",""
"income_allocated_to_minority_interest","-0.756","-0.5639999999999999","0.167","-0.25","-0.383","0.342","-0.08","0.033","-0.006","0.026","-0.108","0.053","0.192","0.068","0.034","0.053","-0.014","0.001","-0.021","-0.025","-0.05","0.459","-0.267","0.311","0.304"
"other_income_statement_items","0.756","0.5","-0.167","0.25","0.38300000000001","-0.342","0.07999999999998399","-0.032999999999987","","1.4210854715202E-14","","","","","2.8421709430404E-14","","","","2.8421709430404E-14","-2.8421709430404E-14","2.8421709430404E-14","2.8421709430404E-14","","5.6843418860808E-14","-7.105427357601E-15"
"net_income","64.666","58.844","66.64700000000001","79.679","93.28700000000001","100.034","102.896","141.739","153.495","124.623","173.481","183.683","162.612","171.994","191.658","199.348","205.59","220.03","194.745","242.202","214.04","244.097","239.288","284.487","312.827"
"preferred_dividends","","","","","","","","","","","","","","","","","","","","","","","","",""
"net_income_available_to_shareholders","64.666","58.844","66.64700000000001","79.679","93.28700000000001","100.034","102.896","141.739","153.495","124.623","173.481","183.683","162.612","171.994","191.658","199.348","205.59","220.03","194.745","242.202","214.04","244.097","239.288","284.487","312.827"
"eps_basic","0.9","0.82","0.93","1.11","1.29","1.42","1.48","2.06","2.26","1.84","2.58","2.76","2.45","2.6","2.95","3.19","3.27","3.52","3.12","3.81","3.32","3.72","3.66","4.34","4.76"
"eps_diluted","0.89","0.8100000000000001","0.91","1.08","1.26","1.39","1.44","1.98","2.18","1.79","2.48","2.65","2.38","2.52","2.85","3.09","3.17","3.41","3","3.66","3.21","3.61","3.59","4.25","4.66"
"shares_basic","71.851","71.761","71.663","72.108","72.316","70.446","69.76000000000001","68.76900000000001","67.851","67.643","67.34399999999999","66.553","66.392","66.09","65.009","62.585","62.804","62.435","62.437","63.574","64.41800000000001","65.663","65.402","65.616","65.616"
"shares_diluted","72.658","73.098","73.238","73.777","74.33199999999999","72.227","71.705","71.523","70.518","69.785","69.815","69.274","68.395","68.208","67.292","64.492","64.849","64.596","64.958","66.15000000000001","67.682","67.682","66.71899999999999","66.905","66.905"
"cash_and_equiv","55.559","48.013","90.205","164.982","170.368","117.635","170.576","313.739","192.072","332.964","376.427","377.616","229.755","309.861","399.762","489.901","466.287","712.64","261.823","241.97","300.137","122.925","141.732","223.643","223.643"
"st_investments","","","","","","","","","","","","","","","","29.816","","","","","0.243","0.74","","",""
"receivables","210.794","185.131","197.881","231.976","266.894","260.175","320.969","360.736","343.937","319.787","357.11","389.02","396.788","438.221","406.976","391.571","433.127","510.426","569.63","558.428","566.623","671.35","676.987","677.822","677.822"
"inventories","121.522","120.531","127.828","165.207","189.349","184.241","226.455","272.556","244.775","230.807","272.255","285.155","321.885","353.159","311.072","294.912","296.914","337.216","381.11","375.795","379.379","441.464","486.806","513.053","513.053"
"other_current_assets","19.674","21.24","31.282","40.289","34.618","43.24","44.82","56.414","78.965","59.933","58.191","92.15900000000001","90.505","97.17","96.128","88.794","73.842","109.791","118.245","115.048","122.613","121.729","124.766","134.761","134.761"
"total_current_assets","407.549","374.915","447.196","602.454","661.229","605.2910000000001","762.8200000000001","1003.445","859.749","943.491","1063.983","1143.95","1038.933","1198.411","1213.938","1294.994","1270.17","1670.073","1330.808","1291.241","1368.995","1358.208","1430.291","1549.279","1549.279"
"equity_and_other_investments","","","","","","","","4.085","0.712","0.898","0.853","3.812","3.693","8.243","5.76","4.59","4.241","9.444000000000001","25.448","8.396000000000001","50.087","59.485","52.308","49.203","49.203"
"ppe_gross","779.845","822.931","954.999","1134.511","1282.549","1272.479","1463.318","1690.052","1798.945","1954.644","1956.541","2049.9","2245.808","2383.556","2296.201","2231.256","2329.705","2679.725","2847.423","3123.575","3486.418","3587.929","3707.931","4021.158","4021.158"
"accumulated_depreciation","-402.412","-441.829","-520.182","-651.08","-747.787","-735.659","-872.241","-1033.544","-1078.063","-1190.576","-1231.557","-1295.185","-1397.575","-1518.894","-1484.546","-1465.873","-1545.384","-1811.819","-1855.81","-1963.52","-2217.825","-2249.598","-2305.592","-2484.021","-2484.021"
"ppe_net","377.433","381.102","434.817","483.431","534.7619999999999","536.8200000000001","591.077","656.508","720.8819999999999","764.068","724.984","754.715","848.2329999999999","864.662","811.655","765.383","784.321","867.9059999999999","991.6130000000001","1160.055","1268.593","1338.331","1402.339","1537.137","1537.137"
"intangible_assets","127.754","122.569","143.974","151.352","14.471","16.93","19.822","25.242","23.439","9.086","5.241","4.373","51.962","49.946","40.046","31.529","94.491","95.45699999999999","254.899","291.085","344.31","362.34","315.746","283.209","283.209"
"goodwill","","","","","140.24","184.76","207.88","222.67","227.04","230.58","227.03","233.69","351.55","358.87","329.74","310.24","407.52","443.89","712.1","763.46","898.52","974.16","945.63","963.42","963.42"
"other_lt_assets","39.503","36.741","21.684","27.106","23.324","13.518","10.413","","","8.070000000000201","10.627","18.755","30.041","17.630000000001","36.051","30.309","46.042","51.053","62.867","47.882","59.548","48.84","57.143999999999","69.642000000001","69.642000000001"
"total_assets","952.239","915.327","1047.671","1264.343","1374.026","1357.319","1592.012","1911.95","1831.822","1956.193","2032.718","2159.295","2324.412","2497.762","2437.19","2437.045","2606.785","3137.823","3377.735","3562.119","3990.053","4141.364","4203.458","4451.89","4451.89"
"accounts_payable","163.528","140.983","154.966","186.51","213.569","218.659","272.761","","","","123.818","108.973","136.941","150.122","116.374","115.061","115.514","153.862","164.528","192.739","243.742","285.262","320.281","328.571","328.571"
"tax_payable","","","","","","","","","","","","","","","","","","","","","","","","",""
"current_accrued_liabilities","","","","","","","","349.03","310.408","288.96","92.80800000000001","86.161","80.886","89","68.52","80.89","89.79000000000001","118.346","124.547","129.63","154.525","125.342","184.297","182.001","182.001"
"st_debt","39.574","13.168","7.722","96.70999999999999","63.292","102.103","127.424","216.159","64.619","103.24","95.566","183.668","74.654","139.77","251.976","56.967","173.816","66.169","163.971","110.247","113.608","285.883","122.791","458.22","458.22"
"current_deferred_revenue","","","","","","","","","","","15.8","25.326","42.148","37.084","42.641","33.253","44.068","45.196","67.77500000000001","86.81999999999999","87.05200000000001","86.953","80.241","60.507","60.507"
"current_deferred_tax_liability","","","","","","","","","","","","","","","","","","","","","","","","",""
"other_current_liabilities","2.8421709430404E-14","","-2.8421709430404E-14","5.6843418860808E-14","","","-5.6843418860808E-14","","-5.6843418860808E-14","","95.33","114.721","120.694","126.845","125.227","125.724","119.767","144.175","168.349","163.839","177.144","195.308","206.332","222.01","222.01"
"total_current_liabilities","203.102","154.151","162.688","283.22","276.861","320.762","400.185","565.189","375.027","417.315","423.322","518.849","455.323","542.821","604.7380000000001","411.895","542.955","527.748","689.17","683.275","780.329","982.492","917.176","1251.309","1251.309"
"lt_debt","252.752","239.387","219.182","125.196","142.581","144.541","168.877","146.711","226.888","209.616","258.773","254.91","352.86","354.814","588.8920000000001","760.848","772.737","1191.146","1125.993","1085.453","1054.998","907.024","1052.597","681.188","681.188"
"noncurrent_capital_leases","","","","","","","","","","","","","","","","","","","","55.276","52.212","48.01","42.948","45.267","45.267"
"pension_liabilities","","","","","","","","42.787","62.476","40.462","39.362","58.93","95.872","71.883","109.517","87.76300000000001","94.545","80.27800000000001","62.319","101.225","145.959","116.809","48.977","62.795","62.795"
"noncurrent_deferred_revenue","35.873","28.026","37.855","39.757","45.169","45.056","33.741","37.692","35.633","35.164","31.487","27.39","33.451","42.072","25.521","20.486","16.803","20.995","53.917","41.388","37.242","27.547","20.563","19.016","19.016"
"other_lt_liabilities","14.922","19.46","28.248","26.662","28.986","32.872","42.246","","","","","8.644","6.408","5.8639999999999","4.6059999999998","6.347","5.5029999999997","5.6080000000002","23.465","23.25","68.52800000000001","74.88200000000001","52.992999999999","71.017","71.017"
"total_liabilities","506.649","441.024","447.973","474.835","493.597","543.231","645.049","792.379","700.024","702.557","752.944","868.723","943.914","1017.454","1333.274","1287.339","1432.543","1825.775","1954.864","1989.867","2139.268","2156.764","2135.254","2130.592","2130.592"
"common_stock","","","","","","","","1","1","1","1","1","1","1","1","1","1","1","1","1","1","1","1","1","1"
"preferred_stock","","","","","","","","","","","","","","","","","","","","","","","","",""
"retained_earnings","439.258","490.229","548.258","618.547","695.901","771.304","844.921","950.566","1065.998","1150.017","1279.013","1409.388","1513.558","1619.419","1740.005","1185.681","1197.234","1301.147","1371.826","1523.82","1643.825","1789.413","1929.24","2109.816","2109.816"
"aoci","-89.163","-114.402","-46.027","65.708","120.323","24.289","109.505","214.294","139.3","186.099","123.766","60.318","60.683","109.751","-110.045","-262.347","-319.709","-253.302","-310.504","-341.948","-281.709","-316.041","-341.366","-308.734","-308.734"
"apic","115.034","122.926","126.999","136.71","148.722","162.863","195.343","229.022","254.216","272.471","318.346","364.855","430.21","493.947","498.702","495.462","546.682","609.471","678.769","770.596","849.1609999999999","916.534","968.6180000000001","1044.429","1044.429"
"treasury_stock","-24.955","-29.919","-35.135","-38.291","-92.131","-149.454","-203.761","-275.658","-329.285","-356.548","-443.019","-545.612","-625.401","-744.213","-1026.117","-270.052","-250.917","-346.245","-318.208","-381.238","-361.583","-421.203","-503.266","-539.404","-539.404"
"other_equity","0.36599999999999","0.37","0.37199999999996","0.37700000000007","0.38200000000006","0.38599999999997","0.39199999999994","-0.20600000000036","-0.19900000000007","-0.19399999999996","-0.18300000000022","-0.17300000000023","-0.16000000000008","-0.14700000000016","-0.13800000000037","-0.33300000000031","-0.33999999999992","-0.33299999999986","-0.327","-0.31399999999985","-0.30499999999984","-0.29600000000005","-0.29099999999971","-0.28300000000036","-0.28300000000036"
"minority_interest_liability","5.05","5.099","5.231","6.457","7.232","4.7","0.5629999999999999","0.553","0.768","0.791","0.851","0.796","0.608","0.551","0.509","0.295","0.292","0.31","0.315","0.336","0.396","15.193","14.269","14.474","14.474"
"total_equity","445.59","474.303","599.698","789.508","880.429","814.088","946.963","1119.571","1131.798","1253.636","1279.774","1290.572","1380.498","1480.308","1103.916","1149.706","1174.242","1312.048","1422.871","1572.252","1850.785","1984.6","2068.204","2321.298","2321.298"
"total_liabilities_and_equity","952.239","915.327","1047.671","1264.343","1374.026","1357.319","1592.012","1911.95","1831.822","1956.193","2032.718","2159.295","2324.412","2497.762","2437.19","2437.045","2606.785","3137.823","3377.735","3562.119","3990.053","4141.364","4203.458","4451.89","4451.89"
"cfo_net_income","64.666","58.844","66.64700000000001","79.679","93.28700000000001","100.034","102.896","141.739","153.501","124.597","173.589","183.63","162.42","171.926","191.624","199.295","205.604","220.029","194.766","242.227","214.09","243.638","239.555","284.176","312.523"
"cfo_da","70.949","73.584","72.14100000000001","85.851","94.49299999999999","99.242","114.606","123.466","131.145","133.013","132.959","134.243","137.022","149.956","152.218","138.893","154.802","153.094","171.747","194.552","220.3","234.853","233.706","248.593","253.683"
"cfo_receivables","-34.388","12.839","8.765000000000001","-2.526","-6.654","6.02","-27.376","-8.347","-5.288","34.289","-50.143","-44.997","16.689","-32.806","-16.322","-27.759","-41.721","-44.658","-66.968","8.811","13.455","-123.251","-27.937","15.431","-33.251"
"cfo_inventory","-19.625","-4.766","2.834","-18.504","-14.282","-0.351","-22.801","-26.261","16.8","21.768","-47.388","-22.332","-19.712","-29.918","5.205","-18.925","-0.834","-12.989","-25.183","0.605","13.722","-79.961","-60.354","-10.641","14.04"
"cfo_prepaid_expenses","","-3.053","-4.285","-7.321","6.875","-8.455","1.051","-2.96","-10.126","7.437","4.39","-34.252","10.124","-6.394","-6.496","-6.982","-5.968","-33.959","-9.436999999999999","6.596","-3.078","-5.538","-6.787","-3.9","13.958"
"cfo_other_working_capital","40.938","-17.492","-4.197","3.6","7.499","-2.578","19.551","42.403","-36.904","-63.75","45.215","16.426","-10.804","-7.806","-30.033","5.176","-10.473","-0.71099999999998","39.111","12.694","52.241","39.055","50.081","4.861","-26.687"
"cfo_change_in_working_capital","-13.075","-12.472","3.117","-24.751","-6.562","-5.364","-29.575","4.835","-35.518","-0.256","-47.926","-85.155","-3.703","-76.92400000000001","-47.646","-48.49","-58.996","-92.31699999999999","-62.477","28.706","76.34","-169.695","-44.997","5.751","-31.94"
"cfo_deferred_tax","3.87","-4.723","6.15","4.836","-2.17","-6.244","-10.142","-11.783","-1.326","-1.329","0.503","2.004","-9.015000000000001","6.844","-18.973","-7.141","-11.112","2.238","-23.352","8.746","-8.198","-14.356","-12.106","-19.883","-22.358"
"cfo_stock_comp","","","","","","","","14.04","11.05","9.76","11.22","13.75","12.7","14.39","19.75","20.61","19.82","18.92","19.56","23.89","34.15","38.87","40.94","41.29","44.53"
"cfo_other_noncash_items","1.388","12.645","6.397","-5.835","4.177","6.387","19.676","1.166","11.359","14.004","8.35","12.57","14.468","19.908","19.356","20.592","15.181","22.765","13.384","16.336","33.471","30.133","21.519","15.312","12.83"
"cf_cfo","127.798","127.878","154.452","139.78","183.225","194.055","197.461","273.463","270.211","279.789","278.695","261.042","313.892","286.1","316.329","323.759","325.299","324.729","313.628","514.457","570.153","363.443","478.617","575.239","569.268"
"cfi_ppe_net","-91.027","-90.744","-85.411","-75.242","-112.893","-103.696","-105.411","6.232","0.585","1.67","1.398","1.838","2.629","0.436","5.106","0.827","1.693","2.036","4.466","4.301","5.261","5.231","0.093","5.348","4.888"
"cfi_acquisitions_net","","","","","","","","1.502","-19.501","-7.577","-3.014","-18.028","-188.119","-5.256","","","-201.781","","-527.9160000000001","-106.328","-164.181","-148.42","-4.1","-16.57","-5.361"
"cfi_investment_net","","","","","","0.011","","","-0.801","","","-3.145","","","","-32.769","29.485","-71.155","-10","12.957","-39.871","-4.933","2.339","5.604","-1.087"
"cfi_intangibles_net","","","","","","","","-1.195","-1.323","-0.308","-0.459","","","-0.725","-0.008999999999999999","","-2.492","","-0.611","-4.806","-6.092","","-5.189","-6.061","-5.411"
"cfi_other","-6.716","0.245","-2.326","1.259","-2.078","-89.881","-36.432","-137.782","-204.501","-144.849","-118.924","-176.488","-173.969","-151.575","-164.297","-144.288","-127.407","-155.681","-201.4","-242.392","-247.095","-309.117","-288.785","-312.784","-304.883"
"cf_cfi","-97.74299999999999","-90.499","-87.73699999999999","-73.983","-114.971","-193.566","-141.843","-131.243","-225.541","-151.064","-120.999","-195.823","-359.459","-157.12","-159.2","-176.23","-300.502","-224.8","-735.461","-336.268","-451.978","-457.239","-295.642","-324.463","-311.854"
"cff_common_stock_net","-16.629","2.932","-1.141","6.56","-42.216","-43.537","-38.147","-57.341","-57.569","-29.971","-86.473","-102.595","-79.79300000000001","-118.813","-340.517","-13.887","-131.371","-161.534","-61.691","-86.497","","-78.148","-92.126","-47.552","-39.899"
"cff_pfd_net","","","","","","","","","","","","","","","","","","","","","","","","",""
"cff_debt_net","18.068","-37.047","-28.769","-10.002","-16.821","33.606","47.456","63.967","-73.7","46.303","16.992","94.846","-12.076","68.858","348.558","-19.107","113.797","290.617","41.009","-111.264","-46.855","36.951","4.988","-51.552","-76.43899999999999"
"cff_dividend_paid","-7.17","-7.873","-8.618","-9.390000000000001","-15.933","-24.631","-29.279","-34.439","-38.063","-40.604","-44.485","-53.308","-58.442","-66.133","-71.072","-71.247","-76.65900000000001","-79.944","-82.346","-90.208","-92.658","-98.509","-99.461","-103.683","-105.899"
"cff_other","-3.5527136788005E-15","-7.105427357601E-15","4.038","1.7763568394003E-15","","7.105427357601E-15","2.624","4.91","17.71","11.086","34.375","32.511","50.928","48.29","42.293","71.931","64.518","65.65300000000001","88.15600000000001","90.834","65.79000000000001","58.188","24.503","31.233","39.764"
"cf_cff","-5.731","-41.988","-34.49","-12.832","-74.97","-34.562","-17.346","-22.903","-151.622","-13.186","-79.59099999999999","-28.546","-99.383","-67.798","-20.738","-32.31","-29.715","114.792","-14.872","-197.135","-73.723","-81.518","-162.096","-171.554","-182.473"
"ebitda","184.839","175.452","179.214","209.797","235.377","249.035","276.209","334.198","365.316","338.957","401.066","421.268","399.037","446.33","458.634","463.038","468.491","478.789","521.845","586.717","586.29","605.441","619.576","697.616","722.806"
"capex","-91.027","-90.744","-85.411","-75.242","-112.893","-103.696","-105.411","6.232","0.585","1.67","1.398","1.838","2.629","0.436","5.106","0.827","1.693","2.036","4.466","4.301","5.261","5.231","0.093","5.348","4.888"
"fcf","36.771","37.134","69.041","64.538","70.33199999999999","90.35899999999999","92.05","279.695","270.796","281.459","280.093","262.88","316.521","286.536","321.435","324.586","326.992","326.765","318.094","518.758","575.414","368.674","478.71","580.587","574.1559999999999"
"book_value","445.59","474.303","599.698","789.508","880.429","814.088","946.963","1119.571","1131.798","1253.636","1279.774","1290.572","1380.498","1480.308","1103.916","1149.706","1174.242","1312.048","1422.871","1572.252","1850.785","1984.6","2068.204","2321.298","2362.933"
"tangible_book_value","317.836","351.734","455.724","638.1559999999999","725.718","612.398","719.261","871.659","881.319","1013.97","1047.503","1052.509","976.986","1071.492","734.13","807.937","672.231","772.701","455.872","517.707","607.955","648.1","806.828","1074.669","1140.253"
"roa","0.07000000000000001","0.06","0.07000000000000001","0.07000000000000001","0.07000000000000001","0.07000000000000001","0.07000000000000001","0.08","0.08","0.07000000000000001","0.09","0.09","0.07000000000000001","0.07000000000000001","0.08","0.08","0.08","0.08","0.06","0.07000000000000001","0.06","0.06","0.06","0.07000000000000001","0.07000000000000001"
"roe","0.15","0.13","0.12","0.11","0.11","0.12","0.12","0.14","0.14","0.1","0.14","0.14","0.12","0.12","0.15","0.18","0.18","0.18","0.14","0.16","0.13","0.13","0.12","0.13","0.14"
"roic","0.09","0.08","0.09","0.09","0.09","0.09","0.09","0.1","0.11","0.08","0.11","0.11","0.09","0.09","0.1","0.1","0.1","0.09","0.07000000000000001","0.09","0.07000000000000001","0.08","0.07000000000000001","0.08","0.09"
"roce","0.15","0.13","0.13","0.13","0.13","0.13","0.13","0.15","0.15","0.13","0.16","0.16","0.14","0.15","0.15","0.16","0.15","0.13","0.13","0.13","0.12","0.11","0.11","0.13","0.13"
"rotce","0.18","0.16","0.15","0.15","0.15","0.15","0.16","0.18","0.18","0.15","0.19","0.19","0.17","0.18","0.18","0.19","0.18","0.17","0.17","0.21","0.18","0.18","0.18","0.2","0.2"
"gross_margin","0.37","0.37","0.36","0.34","0.33","0.33","0.32","0.32","0.32","0.33","0.34","0.33","0.32","0.32","0.32","0.35","0.36","0.35","0.34","0.36","0.37","0.36","0.35","0.36","0.37"
"ebitda_margin","0.21","0.2","0.19","0.19","0.18","0.18","0.17","0.18","0.18","0.18","0.19","0.18","0.17","0.18","0.18","0.2","0.2","0.19","0.19","0.21","0.2","0.19","0.19","0.2","0.2"
"operating_margin","0.13","0.11","0.12","0.11","0.11","0.11","0.1","0.11","0.11","0.11","0.13","0.12","0.11","0.12","0.12","0.14","0.13","0.13","0.13","0.14","0.12","0.11","0.12","0.13","0.13"
"pretax_margin","0.11","0.1","0.11","0.11","0.11","0.1","0.09","0.11","0.11","0.1","0.12","0.12","0.1","0.1","0.11","0.13","0.12","0.12","0.1","0.12","0.1","0.1","0.1","0.11","0.11"
"net_income_margin","0.07000000000000001","0.07000000000000001","0.07000000000000001","0.07000000000000001","0.07000000000000001","0.07000000000000001","0.06","0.07000000000000001","0.07000000000000001","0.07000000000000001","0.08","0.08","0.07000000000000001","0.07000000000000001","0.07000000000000001","0.09","0.09","0.09","0.07000000000000001","0.08","0.07000000000000001","0.08","0.07000000000000001","0.08","0.09"
"fcf_margin","0.04","0.04","0.07000000000000001","0.06","0.05","0.07000000000000001","0.06","0.15","0.13","0.15","0.13","0.11","0.14","0.11","0.12","0.14","0.14","0.13","0.12","0.18","0.2","0.11","0.14","0.17","0.16"
"assets_to_equity","2.14","1.93","1.75","1.6","1.56","1.67","1.68","1.71","1.62","1.56","1.59","1.67","1.68","1.69","2.21","2.12","2.22","2.39","2.37","2.27","2.16","2.09","2.03","1.92","1.88"
"equity_to_assets","0.47","0.52","0.57","0.62","0.64","0.6","0.59","0.59","0.62","0.64","0.63","0.6","0.59","0.59","0.45","0.47","0.45","0.42","0.42","0.44","0.46","0.48","0.49","0.52","0.53"
"debt_to_equity","0.66","0.53","0.38","0.28","0.23","0.3","0.31","0.32","0.26","0.25","0.28","0.34","0.31","0.33","0.76","0.71","0.8100000000000001","0.96","0.91","0.8","0.66","0.63","0.59","0.51","0.49"
"debt_to_assets","0.31","0.28","0.22","0.18","0.15","0.18","0.19","0.19","0.16","0.16","0.17","0.2","0.18","0.2","0.35","0.34","0.36","0.4","0.38","0.35","0.31","0.3","0.29","0.27","0.26"
"revenue_per_share","12.16","12.2","12.65","15.11","17.44","19.11","22.33","26.46","29.38","26.39","29.75","33.74","34.08","36.95","38.61","35.93","35.94","38.23","42.56","43.23","43.28","47.68","49.79","52.13","52.81"
"ebitda_per_share","2.54","2.4","2.45","2.84","3.17","3.45","3.85","4.67","5.18","4.86","5.74","6.08","5.83","6.54","6.82","7.18","7.22","7.41","8.029999999999999","8.869999999999999","8.66","8.949999999999999","9.289999999999999","10.43","10.77"
"operating_income_per_share","1.57","1.39","1.46","1.68","1.9","2.07","2.25","2.95","3.32","2.95","3.84","4.14","3.83","4.35","4.55","5.03","4.84","5.04","5.39","5.93","5.41","5.48","5.78","6.71","6.99"
"pretax_income_per_share","1.35","1.21","1.34","1.59","1.85","1.97","2.07","2.8","3.22","2.64","3.64","3.97","3.53","3.88","4.25","4.57","4.33","4.56","4.1","5.17","4.45","4.75","5.02","5.6","6.05"
"fcf_per_share","0.51","0.51","0.9399999999999999","0.87","0.95","1.25","1.28","3.91","3.84","4.03","4.01","3.79","4.63","4.2","4.78","5.03","5.04","5.06","4.9","7.84","8.5","5.45","7.18","8.68","8.56"
"book_value_per_share","6.13","6.49","8.19","10.7","11.84","11.27","13.21","15.65","16.05","17.96","18.33","18.63","20.18","21.7","16.4","17.83","18.11","20.31","21.9","23.77","27.35","29.32","31","34.7","35.04"
"tangible_book_per_share","4.37","4.81","6.22","8.65","9.76","8.48","10.03","12.19","12.5","14.53","15","15.19","14.28","15.71","10.91","12.53","10.37","11.96","7.02","7.83","8.98","9.58","12.09","16.06","16.91"
"payout_ratio","0.11","0.14","0.13","0.12","0.18","0.25","0.29","0.25","0.26","0.34","0.27","0.3","0.37","0.4","0.38","0.37","0.38","0.38","0.44","0.39","0.45","0.42","0.42","0.37","0.35"
"revenue_growth","0.06","0.01","0.04","0.2","0.16","0.06","0.16","0.18","0.09","-0.11","0.13","0.13","","0.08","0.03","-0.11","0.01","0.06","0.12","0.03","0.02","0.1","0.03","0.05",""
"gross_profit_growth","0.05","","0.01","0.15","0.12","0.05","0.14","0.18","0.09","-0.07000000000000001","0.13","0.1","-0.04","0.1","0.04","-0.03","0.02","0.04","0.1","0.09","0.04","0.06","0.01","0.09",""
"ebitda_growth","0.04","-0.05","0.02","0.17","0.12","0.06","0.11","0.21","0.09","-0.07000000000000001","0.18","0.05","-0.05","0.12","0.03","0.01","0.01","0.02","0.09","0.12","","0.03","0.02","0.13",""
"operating_income_growth","0.05","-0.11","0.05","0.16","0.14","0.06","0.08","0.3","0.11","-0.12","0.3","0.07000000000000001","-0.09","0.13","0.03","0.06","-0.03","0.04","0.07000000000000001","0.12","-0.07000000000000001","0.01","0.04","0.16",""
"pretax_income_growth","0.07000000000000001","-0.1","0.11","0.19","0.17","0.03","0.04","0.35","0.13","-0.19","0.38","0.08","-0.12","0.1","0.08","0.03","-0.05","0.05","-0.1","0.29","-0.12","0.07000000000000001","0.04","0.12",""
"net_income_growth","0.1","-0.09","0.13","0.2","0.17","0.07000000000000001","0.03","0.38","0.08","-0.19","0.39","0.06","-0.11","0.06","0.11","0.04","0.03","0.07000000000000001","-0.11","0.24","-0.12","0.14","-0.02","0.19",""
"eps_diluted_growth","0.12","-0.1","0.13","0.19","0.16","0.1","0.04","0.38","0.1","-0.18","0.39","0.07000000000000001","-0.1","0.06","0.13","0.08","0.03","0.08","-0.12","0.22","-0.12","0.12","-0.01","0.18",""
"shares_diluted_growth","-0.02","0.01","","0.01","0.01","-0.03","-0.01","","-0.01","-0.01","","-0.01","-0.01","","-0.01","-0.04","0.01","","0.01","0.02","0.02","","-0.01","",""
"cash_and_equiv_growth","0.71","-0.14","0.88","0.83","0.03","-0.31","0.45","0.84","-0.39","0.73","0.13","","-0.39","0.35","0.29","0.23","-0.05","0.53","-0.63","-0.08","0.24","-0.59","0.15","0.58",""
"ppe_growth","0.05","0.01","0.14","0.11","0.11","","0.1","0.11","0.1","0.06","-0.05","0.04","0.12","0.02","-0.06","-0.06","0.02","0.11","0.14","0.17","0.09","0.05","0.05","0.1",""
"total_assets_growth","0.1","-0.04","0.14","0.21","0.09","-0.01","0.17","0.2","-0.04","0.07000000000000001","0.04","0.06","0.08","0.07000000000000001","-0.02","","0.07000000000000001","0.2","0.08","0.05","0.12","0.04","0.01","0.06",""
"total_equity_growth","0.05","0.06","0.26","0.32","0.12","-0.08","0.16","0.18","0.01","0.11","0.02","0.01","0.07000000000000001","0.07000000000000001","-0.25","0.04","0.02","0.12","0.08","0.1","0.18","0.07000000000000001","0.04","0.12",""
"cfo_growth","0.08","","0.21","-0.09","0.31","0.06","0.02","0.38","-0.01","0.04","","-0.06","0.2","-0.09","0.11","0.02","","","-0.03","0.64","0.11","-0.36","0.32","0.2",""
"capex_growth","0.61","","0.06","0.12","-0.5","0.08","-0.02","1.06","-0.91","1.85","-0.16","0.31","0.43","-0.83","10.71","-0.84","1.05","0.2","1.19","-0.04","0.22","-0.01","-0.98","56.51",""
"fcf_growth","1.33","0.01","0.86","-0.07000000000000001","0.09","0.28","0.02","2.04","-0.03","0.04","","-0.06","0.2","-0.09","0.12","0.01","0.01","","-0.03","0.63","0.11","-0.36","0.3","0.21",""
"shares_eop","71.14700000000001","71.69499999999999","71.905","72.587","71.43899999999999","69.8","69.2","68.2","67.79600000000001","67.3","66.8","65.90000000000001","65.90000000000001","65.40000000000001","62","62.5","62.1","61.8","62.9","63.8","65","65.5","65.2","65.90000000000001","66.26000000000001"
"dividends","0.1","0.11","0.12","0.13","0.22","0.35","0.42","0.5","0.5600000000000001","0.6","0.66","0.8","0.88","1","1.09","1.14","1.22","1.28","1.32","1.42","1.44","1.5","1.52","1.58","1.61"
"price_to_earnings","16.16","21.35","16.85","17.76","20.21","18.21","19.85","19.68","15.56","19.3","18.32","18.72","19.34","25.78","21.62","22.78","22.19","24.23","30.38","30.46","41.57","32.87","29.97","28.64","30.45"
"price_to_book","2.35","2.65","1.87","1.79","2.14","2.24","2.16","2.49","2.11","1.92","2.48","2.66","2.28","3","3.75","3.95","3.88","4.06","4.16","4.69","4.81","4.04","3.47","3.51","4.03"
"price_to_sales","1.18","1.41","1.21","1.27","1.45","1.32","1.28","1.47","1.15","1.31","1.53","1.47","1.35","1.76","1.6","1.96","1.96","2.16","2.14","2.58","3.04","2.49","2.16","2.34","2.69"
"price_to_tangible_book","3.29","3.57","2.46","2.22","2.6","2.97","2.84","3.2","2.71","2.37","3.03","3.27","3.22","4.14","5.64","5.62","6.79","6.9","12.98","14.25","14.64","12.38","8.890000000000001","7.58","8.35"
"price_to_fcf","28.42","33.83","16.27","21.93","26.81","20.16","22.19","9.98","8.82","8.550000000000001","11.35","13.08","9.94","15.48","12.89","13.99","13.95","16.32","18.6","14.22","15.46","21.76","14.98","14.03","16.59"
"market_cap","1045.14943","1256.0964","1123.1561","1415.4465","1885.27521","1821.78","2042.784","2790.062","2389.13104","2405.302","3177.676","3438.003","3144.748","4434.774","4144.08","4540.625","4561.245","5332.104","5917.003","7376.556","8897.85","8022.44","7170.696","8146.558","9525.518"
"period_end_price","14.69","17.52","15.62","19.5","26.39","26.1","29.52","40.91","35.24","35.74","47.57","52.17","47.72","67.81","66.84","72.65000000000001","73.45","86.28","94.06999999999999","115.62","136.89","122.48","109.98","123.62","123.62"
