"Company: ","Equity Lifestyle Properties Inc (ELS:US)","","","","","","","","","","","","","","","","","","","","","","","",""
"Exchange: ","NYSE","","","","","","","","","","","","","","","","","","","","","","","",""
"Last Close Price: ","64.23999999999999","","","","","","","","","","","","","","","","","","","","","","","",""
"Industry: ","Residential REITs","","","","","","","","","","","","","","","","","","","","","","","",""
"Currency: ","USD","","","","","","","","","","","","","","","","","","","","","","","",""
"Country: ","US","","","","","","","","","","","","","","","","","","","","","","","",""
"Market Cap.: ","12717","","","","","","","","","","","","","","","","","","","","","","","",""
"Enterprise Value: ","16175","","","","","","","","","","","","","","","","","","","","","","","",""
"period_end_date","2000-12","2001-12","2002-12","2003-12","2004-12","2005-12","2006-12","2007-12","2008-12","2009-12","2010-12","2011-12","2012-12","2013-12","2014-12","2015-12","2016-12","2017-12","2018-12","2019-12","2020-12","2021-12","2022-12","2023-12","TTM"
"revenue","214.843","208.951","250.75","259.453","335.207","385.973","412.786","616.449","463.586","503.221","507.14","564.633","669.3680000000001","713.273","761.409","807.265","856.28","911.937","968.2859999999999","1020.521","1107.623","1254.534","1374.953","1404.276","1405.317"
"cogs","","","26.922","31.615","41.577","57.471","54.498","30.713","231.34","253.398","261.12","280.854","317.627","342.814","369.179","391.239","416.059","447.69","471.037","491.864","556.583","681.794","757.718","759.196","762.2619999999999"
"gross_profit","214.843","208.951","223.828","227.838","293.63","328.502","358.288","585.736","232.246","249.823","246.02","283.779","351.741","370.459","392.23","416.026","440.221","464.247","497.249","528.657","551.04","572.74","617.235","645.08","643.0549999999999"
"sga","6.423","6.687","7.57","7.287","17.873","22.462","22.596","25.803","31.42","32.925","29.64","48.475","37.825","41.72","39.828","42.395","42.06","43.175","50.226","51.262","54.948","58.244","65.17400000000001","68.254","69.041"
"rnd","","","","","","","","","","","","","","","","","","","","","","","","",""
"special_charges","","","","","","","","","","","","","","","","","","","","","","","","",""
"other_opex","172.848","-45.708","85.16200000000001","89.32899999999999","118.144","200.834","146.744","328.064","66.583","70.08799999999999","73.152","108.182","143.006","112.94","117.987","118.953","120.773","123.332","136.396","150.891","155.131","188.444","202.362","203.738","204.344"
"total_opex","179.271","-39.021","92.732","96.616","136.017","223.296","169.34","353.867","98.003","103.013","102.792","156.657","180.831","154.66","157.815","161.348","162.833","166.507","186.622","202.153","210.079","246.688","267.536","271.992","273.385"
"operating_income","35.572","247.972","131.096","131.222","157.613","105.206","188.948","231.869","134.243","146.81","143.228","127.122","170.91","215.799","234.415","254.678","277.388","297.74","310.627","326.504","340.961","326.052","349.699","373.088","369.67"
"net_interest_income_normal","","","","","","","","-101.338","-99.43000000000001","-98.31100000000001","-86.732","-93.565","-115.857","-110.262","-103.948","-98.70099999999999","-95.185","-92.98999999999999","-97.468","-97.01600000000001","-95.617","-101.702","-109.132","-123.305","-124.18"
"other_nonoperating_income","-35.572","-247.972","-131.096","-131.222","-157.613","-105.206","-188.948","-130.531","3.753","2.896","1.874","6.452","6.795","-30.329","3.423","-9.554","2.324","1.862","8.288","57.679","-9.327","47.769","54.895","66.693","99.8"
"pretax_income","","","","","","","","","38.566","51.395","58.37","40.009","61.848","75.208","133.89","146.423","184.527","206.612","221.447","287.167","236.017","272.119","295.462","316.476","345.29"
"income_tax","","","","","","","","","","","","","","","","","","","","","","","","10.488","10.727"
"net_income_continuing","","","","","","","","","38.566","51.395","58.37","40.009","61.848","75.208","133.89","146.423","184.527","206.612","221.447","287.167","236.017","272.119","295.462","326.964","356.017"
"net_income_discontinued","0.989","4.436","14.695","11.384","1.588","3.006","0.193","9.942","0.178","4.866","-0.231","0.547","10.712","48.658","","","","","","","","","","",""
"income_allocated_to_minority_interest","19.715","19.461","","-15.582","","","","","-20.441","-22.256","-22.043","-5.906","-5.067","-9.706","-10.463","-11.141","-13.869","-12.788","-13.774","-16.783","-13.132","-13.522","-14.198","-15.47","-16.748"
"other_income_statement_items","11.241","8.186","17.192","29.33","2.438","-5.339","16.439","22.16","","","2.258","-11.875","-12.714","-7.241","-4.696","-5.137","-6.621","-3.92","4.923","8.739000000000001","5.383","3.865","3.347","2.697","2.456"
"net_income","31.945","32.083","31.887","25.132","4.026","-2.333","16.632","32.102","18.303","34.005","38.354","22.775","54.779","106.919","118.731","130.145","164.037","189.904","212.596","279.123","228.268","262.462","284.611","314.191","341.725"
"preferred_dividends","","","","","","","","","","","","13.823","14.613","9.279999999999999","9.273999999999999","9.226000000000001","9.226000000000001","7.685","0.016","0.016","0.016","0.016","0.016","0.016","0.016"
"net_income_available_to_shareholders","31.945","32.083","31.887","25.132","4.026","-2.333","16.632","32.102","18.303","34.005","38.354","8.952","40.166","97.639","109.457","120.919","154.811","182.219","212.58","279.107","228.252","262.446","284.595","314.175","341.709"
"eps_basic","0.37","0.36","0.37","0.29","0.05","-0.03","0.18","0.33","0.19","0.31","0.32","0.16","0.34","0.65","0.71","0.78","0.97","1.09","1.19","1.54","1.26","1.43","1.53","1.69","1.83"
"eps_diluted","0.37","0.35","0.36","0.28","0.04","-0.03","0.17","0.33","0.19","0.31","0.31","0.16","0.33","0.64","0.71","0.77","0.96","1.08","1.19","1.54","1.25","1.43","1.53","1.69","1.83"
"shares_basic","85.876","84.14400000000001","86.468","88.30800000000001","91.396","92.324","93.776","96.35599999999999","97.864","110.328","122.068","142.364","164.696","166.036","166.724","168.062","169.556","173.994","177.928","180.805","181.828","182.917","185.78","186.061","186.061"
"shares_diluted","109.632","108.04","110.528","112.008","117.86","117.464","120.964","121.656","121.992","131.776","142.072","161.32","181.724","182.392","183.022","183.814","185.138","186.85","190.11","191.995","192.555","192.883","195.255","195.429","195.429"
"cash_and_equiv","","","","","","0.61","1.605","5.785","45.312","145.128","12.659","70.45999999999999","37.126","58.427","73.714","80.258","56.34","35.631","68.974","28.86","24.06","94.098","2.647","4.237","4.237"
"st_investments","","","","","","","","","","","52.266","","","","","","","","","","","","","",""
"receivables","","","","","","1.619","1.294","12.11","32.839","30.373","26.145","65.39400000000001","45.469","42.99","37.137","35.463","34.52","49.477","35.041","37.558","35.844","39.955","45.356","49.937","49.937"
"inventories","","","","","","59.412","70.09099999999999","63.526","12.934","2.964","3.177","2.172","","","","","","","","","","","","",""
"other_current_assets","","","","","","","","","","2.8421709430404E-14","","40.569","167.681","64.619","53.133","40.897","51.578","","35.914","","7.105427357601E-15","29.3","19.7","25.7","25.7"
"total_current_assets","","","","","","61.641","72.98999999999999","81.42100000000001","91.08499999999999","178.465","94.247","178.595","250.276","166.036","163.984","156.618","142.438","85.108","139.929","66.41800000000001","59.904","163.353","67.703","79.874","79.874"
"equity_and_other_investments","","","","","","46.211","14.718","4.569","9.676","9.442","8.446","8.557","8.42","11.583","13.512","17.741","19.369","53.08","57.755","20.074","19.726","70.312","81.404","85.304","85.304"
"ppe_gross","1036.596","1026.26","","","1712.923","2152.567","2337.46","2396.115","2491.021","2538.215","2584.987","","","","","","","","","","","","","",""
"accumulated_depreciation","","","","","","-378.325","-435.809","-494.211","-561.2329999999999","-629.768","-700.665","","","","","","","","","","","","","",""
"ppe_net","1036.596","1026.26","","","1712.923","1774.242","1901.651","1901.904","1929.788","1908.447","1884.322","","","","","","","","","","","","","",""
"intangible_assets","","","","","50.654","","","","","","","","","","","","","","","","","","","",""
"goodwill","","","","","","","","","","","","","","","","","","","","","","","","",""
"other_lt_assets","67.708","73.187","1154.794","1463.507","122.712","66.78","66.47199999999999","45.801","61.098","69.965","61.38","3308.949","3139.53","3214.69","3268.843","3226.041","3317.18","3471.844","3728.124","4064.783","4339.339","5074.206","5343.412","5448.555","5448.555"
"total_assets","1104.304","1099.447","1154.794","1463.507","1886.289","1948.874","2055.831","2033.695","2091.647","2166.319","2048.395","3496.101","3398.226","3392.309","3446.339","3400.4","3478.987","3610.032","3925.808","4151.275","4418.969","5307.871","5492.519","5613.733","5613.733"
"accounts_payable","","","","","","0.773","","","","","","","","","","","","","102.854","124.665","129.666","172.285","175.148","151.567","151.567"
"tax_payable","","","","","","","","","","","","","","","","","","","","","","","","",""
"current_accrued_liabilities","","","","","8.894","8.548999999999999","30.936","9.164","8.335000000000001","8.036","7.174","72.79900000000001","74.172","74.57299999999999","74.01600000000001","84.759","98.24299999999999","89.131","8.759","8.638999999999999","8.336","9.292999999999999","11.739","12.657","12.657"
"st_debt","","","","","","","","","","","","","","","","","","30","","160","222","349","198","31","31"
"current_deferred_revenue","","","","","","","","","","44.368","","54.234","54.017","59.601","67.46299999999999","74.3","76.90600000000001","79.267","81.114","91.23399999999999","243.279","295.135","320.061","344.788","344.788"
"current_deferred_tax_liability","","","","","","","","","","","","","","","","","","","","","","","","",""
"other_current_liabilities","","","","","","","11.317","","6.106","10.586","10.633","16.943","","22.753","29.623","34.315","39.411","46.047","52.617","58.978","66.003","70.768","80.102","87.49299999999999","87.49299999999999"
"total_current_liabilities","","","","","8.894","9.321999999999999","42.253","9.164","14.441","62.99","17.807","143.976","128.189","156.927","171.102","193.374","214.56","244.445","245.344","443.516","669.284","896.481","785.05","627.505","627.505"
"lt_debt","719.684","708.857","","","1653.051","1638.281","1717.212","1663.923","1662.403","1547.901","1412.919","2284.683","2261.61","2192.368","2212.246","2126.052","2091.279","2170.017","2348.352","2248.458","2444.93","2925.219","3189.984","3487.607","3487.607"
"noncurrent_capital_leases","","","","","","","","","","","","","","","","","","","","","","","","",""
"pension_liabilities","","","","","","","","","","","","","","","","","","","","","","","","",""
"noncurrent_deferred_revenue","","","","","","","","","10.611","42.019","104.729","68.16200000000001","74.06699999999999","79.809","83.964","88.283","91.301","95.52800000000001","126.418","137.413","","","","",""
"other_lt_liabilities","45.254","46.179","983.619","1341.401","57.729","59.376","36.454","71.89100000000001","107.958","58.982","52.782","","10.058","-4.5474735088646E-13","","","","","12.35","","","","4.5474735088646E-13","",""
"total_liabilities","764.938","755.0359999999999","983.619","1341.401","1719.674","1706.979","1795.919","1744.978","1795.413","1711.892","1588.237","2496.821","2473.924","2429.104","2467.312","2407.709","2397.14","2509.99","2732.464","2829.387","3114.214","3821.7","3975.034","4115.112","4115.112"
"common_stock","","","","","","","","","","","","","1","1","1","1","1","1","2","2","2","2","2","2","2"
"preferred_stock","","","","","","","","","","","","200","136.144","136.144","136.144","136.144","136.144","","","","","","","",""
"retained_earnings","-57.622","-63.478","","","-262.518","-267.154","-257.594","-240.098","-241.609","-238.467","-237.002","-270.021","-287.652","-264.083","-254.209","-250.506","-231.276","-211.98","-211.034","-154.318","-179.523","-183.689","-204.248","-223.576","-223.576"
"aoci","","","","","","","","","","","","-2.547","-2.59","-0.927","-0.381","-0.553","-0.227","0.9419999999999999","2.299","-0.38","","3.524","19.119","6.061","6.061"
"apic","235.681","245.827","","","294.304","299.444","304.483","310.803","320.084","456.696","463.722","998.4829999999999","1012.514","1021.365","1029.601","1039.14","1103.048","1242.109","1328.495","1402.696","1411.397","1593.362","1628.618","1644.319","1644.319"
"treasury_stock","","","","","","","","","","","","","","","","","","","","","","","","",""
"other_equity","-9.9640000000001","-9.085000000000001","171.175","-2.528","0.058000000000021","0.226","0.22899999999998","0.23599999999999","0.238","0.30100000000004","0.31000000000006","0.41200000000003","-0.16800000000001","-0.16599999999994","-0.16200000000003","-0.15700000000015","-0.14599999999996","-0.11699999999996","-0.20799999999986","-0.18799999999987","-0.1869999999999","-0.086999999999989","-0.08400000000006","-0.08300000000008399","-0.08300000000008399"
"minority_interest_liability","171.271","171.147","","124.634","134.771","209.379","212.794","217.776","217.521","235.897","233.128","72.953","65.054","69.872","67.03400000000001","67.623","73.304","68.08799999999999","71.792","72.078","71.068","71.06100000000001","72.08","69.90000000000001","69.90000000000001"
"total_equity","339.366","344.411","171.175","122.106","166.615","241.895","259.912","288.717","296.234","454.427","460.158","999.28","924.302","963.205","979.027","992.691","1081.847","1100.042","1193.344","1321.888","1304.755","1486.171","1517.485","1498.621","1498.621"
"total_liabilities_and_equity","1104.304","1099.447","1154.794","1463.507","1886.289","1948.874","2055.831","2033.695","2091.647","2166.319","2048.395","3496.101","3398.226","3392.309","3446.339","3400.4","3478.987","3610.032","3925.808","4151.275","4418.969","5307.871","5492.519","5613.733","5613.733"
"cfo_net_income","31.945","32.083","36.445","27.014","4.026","-2.333","16.632","32.101","38.744","56.261","60.397","42.504","74.459","125.905","138.468","150.512","187.132","210.377","226.386","295.922","241.416","276","298.825","329.677","358.489"
"cfo_da","36.511","40.719","38.057","44.434","55.488","61.631","65.376","72.581","71.65600000000001","76.76000000000001","72.129","113.714","150.7","112.445","115.871","117.056","121.894","124.951","138.688","153.98","157.76","191.432","207.05","209.101","209.668"
"cfo_receivables","-0.425","0.804","-1.186","-0.774","-27.346","-0.236","-0.147","-0.152","-0.144","0.096","-2.219","0.477","0.409","-0.123","-1.037","0.066","0.217","-1.51","-0.247","-2.836","-1.166","-4.191","-4.647","-4.646","-2.762"
"cfo_inventory","","","1.887","1.846","-17.855","-8.521000000000001","-8.058999999999999","4.516","-5.129","2.06","-0.391","2.396","1.379","","","","","","","","","","","",""
"cfo_prepaid_expenses","-9.388999999999999","1.33","-7.61","-1.439","","1.61","","","-1.208","7.825","7.73","-8.484","","","","","","","","","","","","",""
"cfo_other_working_capital","0.898","-3.344","1.706","-3.085","4.049","7.641","6.615","1.411","6.051","10.07","11.988","14.483","10.363","20.5","26.319","63.358","54.198","38.345","49.254","48.981","5.482","38.019","4.243","-27.648","2.733"
"cfo_change_in_working_capital","-8.916","-1.21","-5.203","-3.452","-41.152","0.494","-1.591","5.775","-0.43","20.051","17.108","8.872","12.151","20.377","25.282","63.424","54.415","36.835","49.007","46.145","4.316","33.828","-0.404","-32.294","-0.029"
"cfo_deferred_tax","","","","","","","","","","","","","","","","","","","","","","","","-10.488","-0.239"
"cfo_stock_comp","","","","","","","","","","","0.73","1.81","0.78","1.91","9.470000000000001","9.56","6.25","10.7","11.17","7.64","13.06","12.69","8.76","17.83","17.01"
"cfo_other_noncash_items","8.461","9.116","10.877","7.167","28.371","30.534","19.04","12.334","4.084","-2.547","12.945","8.741","-1.645","-5.288","-3.346","12.33","-17.329","-4.876","-11.167","-60.167","0.86000000000001","-4.9230000000001","-38.417","34.179","2.874"
"cf_cfo","68.001","80.708","80.176","75.163","46.733","90.32599999999999","99.45699999999999","122.791","114.054","150.525","163.309","175.641","236.445","255.349","285.745","352.882","352.362","377.987","414.084","443.52","417.412","509.027","475.814","548.005","587.773"
"cfi_ppe_net","25.648","-40.958","-66.851","-0.626","-13.663","-64.569","-67.236","-1.513","-25.593","-26.836","-48.629","-712.869","-75.26000000000001","-64.714","-63.721","-93.79900000000001","-119.437","-126.05","-181.622","-257.993","-167.957","-204.265","-249.277","-317.086","-310.818"
"cfi_acquisitions_net","-3.758","","-57.206","-6.836","-310.893","","","-29.384","-7.238","-8.218999999999999","","","","-2.641","-3.489","-4","-5.134","-33.345","-4.497","-0.983","","-91.464","-26.407","-9.275","-8.853"
"cfi_investment_net","-3.758","","-7.824","-1.535","","","-7.511","-3.656","-2.489","0.949","-51.09","52.266","","","","","","","","","","","","",""
"cfi_intangibles_net","","","","","","","","-3.504","-5.021","","","","","","","","","","","","","","","",""
"cfi_other","4.97","17.891","58.908","8.398999999999999","-42.098","-1.677","7.661","12.453","7.145","-0.786","0.78599999999999","-41.245","-11.305","29.501","-60.675","-22.908","-94.03100000000001","-145.96","-211.946","-93.113","-233.297","-532.701","-126.383","1.608","10.073"
"cf_cfi","23.102","-23.067","-72.973","-0.598","-366.654","-66.246","-67.086","-25.604","-33.196","-34.892","-98.93300000000001","-701.848","-86.565","-37.854","-127.885","-120.707","-218.602","-305.355","-398.065","-352.089","-401.254","-828.4299999999999","-402.067","-324.753","-309.598"
"cff_common_stock_net","-50.453","10.071","8.295999999999999","9.581","6.221","3.21","2.892","3.734","-0.6","144.982","-2.054","342.367","-1.287","-1.121","","-0.062","49.771","120.698","78.755","59.319","","140.254","28.37","",""
"cff_pfd_net","","","","","","75","","","","","","","-63.856","","","","","-136.314","","","","","","",""
"cff_debt_net","17.998","-10.463","49.315","416.307","243.388","-438.799","-8.189","-44.369","-3.395","-115.971","-135.041","324.342","-8.052","-74.992","-9.039999999999999","-60.985","-54.681","109.839","146.439","38.972","256.031","568.278","113.219","132.17","93.684"
"cff_dividend_paid","-56.298","-58.111","-58.314","-65.687","-237.074","-16.632","-23.575","-32.013","-38.921","-48.109","-58.6","-72.42","-110.798","-77.474","-120.743","-141.773","-161.171","-182.329","-202.638","-229.218","-256.947","-275.717","-310.961","-342.576","-349.968"
"cff_other","-6.179","-0.631","-0.584","-116.296","-13.049","348.446","-2.504","-20.359","1.585","3.281","-1.15","-10.281","0.779","-42.607","-12.79","-22.811","7.637","-10.69","-5.232","-0.61799999999999","-20.042","-14.074","-5.426","-5.256","-5.271"
"cf_cff","-94.932","-59.134","-1.287","243.905","-0.514","-28.775","-31.376","-93.00700000000001","-41.331","-15.817","-196.845","584.008","-183.214","-196.194","-142.573","-225.631","-158.444","-98.79600000000001","17.324","-131.545","-20.958","418.741","-174.798","-215.662","-261.555"
"ebitda","72.083","288.691","169.153","175.656","213.101","166.837","254.324","304.45","205.899","223.57","215.357","240.836","321.61","328.244","350.286","371.734","399.282","422.691","449.315","480.484","498.721","517.484","556.749","582.189","579.338"
"capex","25.648","-40.958","-66.851","-0.626","-13.663","-64.569","-67.236","-1.513","-25.593","-26.836","-48.629","-712.869","-75.26000000000001","-64.714","-63.721","-93.79900000000001","-119.437","-126.05","-181.622","-257.993","-167.957","-204.265","-249.277","-317.086","-310.818"
"fcf","93.649","39.75","13.325","74.53700000000001","33.07","25.757","32.221","121.278","88.461","123.689","114.68","-537.228","161.185","190.635","222.024","259.083","232.925","251.937","232.462","185.527","249.455","304.762","226.537","230.919","276.955"
"book_value","339.366","344.411","171.175","122.106","166.615","241.895","259.912","288.717","296.234","454.427","460.158","799.28","788.158","827.061","842.883","856.547","945.703","1100.042","1193.344","1321.888","1304.755","1486.171","1517.485","1498.621","1519.746"
"tangible_book_value","339.366","344.411","171.175","122.106","115.961","241.895","259.912","288.717","296.234","454.427","460.158","799.28","788.158","827.061","842.883","856.547","945.703","1100.042","1193.344","1321.888","1304.755","1486.171","1517.485","1498.621","1519.746"
"roa","0.03","0.03","0.03","0.02","","","0.01","0.02","0.01","0.02","0.02","0.01","0.02","0.03","0.03","0.04","0.05","0.05","0.06","0.07000000000000001","0.05","0.05","0.05","0.06","0.06"
"roe","0.09","0.09","0.12","0.17","0.03","-0.01","0.07000000000000001","0.12","0.06","0.09","0.08","0.03","0.06","0.11","0.12","0.13","0.16","0.17","0.19","0.22","0.17","0.19","0.19","0.21","0.23"
"roic","0.03","0.03","0.05","0.12","","","0.01","0.01","0.01","0.02","0.02","0.01","0.02","0.03","0.04","0.04","0.05","0.06","0.06","0.08","0.06","0.06","0.06","0.06","0.07000000000000001"
"roce","0.03","0.23","0.12","0.1","0.09","0.06","0.1","0.11","0.07000000000000001","0.07000000000000001","0.07000000000000001","0.05","0.05","0.07000000000000001","0.07000000000000001","0.08","0.09","0.09","0.09","0.09","0.09","0.07000000000000001","0.07000000000000001","0.08","0.07000000000000001"
"rotce","0.03","0.23","0.12","0.1","0.1","0.06","0.1","0.11","0.07000000000000001","0.07000000000000001","0.07000000000000001","0.05","0.05","0.07000000000000001","0.07000000000000001","0.08","0.09","0.09","0.09","0.09","0.09","0.07000000000000001","0.07000000000000001","0.08","0.07000000000000001"
"gross_margin","1","1","0.89","0.88","0.88","0.85","0.87","0.95","0.5","0.5","0.49","0.5","0.53","0.52","0.52","0.52","0.51","0.51","0.51","0.52","0.5","0.46","0.45","0.46","0.46"
"ebitda_margin","0.34","1.38","0.67","0.68","0.64","0.43","0.62","0.49","0.44","0.44","0.42","0.43","0.48","0.46","0.46","0.46","0.47","0.46","0.46","0.47","0.45","0.41","0.4","0.41","0.41"
"operating_margin","0.17","1.19","0.52","0.51","0.47","0.27","0.46","0.38","0.29","0.29","0.28","0.23","0.26","0.3","0.31","0.32","0.32","0.33","0.32","0.32","0.31","0.26","0.25","0.27","0.26"
"pretax_margin","","","","","","","","","0.08","0.1","0.12","0.07000000000000001","0.09","0.11","0.18","0.18","0.22","0.23","0.23","0.28","0.21","0.22","0.21","0.23","0.25"
"net_income_margin","0.15","0.15","0.13","0.1","0.01","-0.01","0.04","0.05","0.04","0.07000000000000001","0.08","0.04","0.08","0.15","0.16","0.16","0.19","0.21","0.22","0.27","0.21","0.21","0.21","0.22","0.24"
"fcf_margin","0.44","0.19","0.05","0.29","0.1","0.07000000000000001","0.08","0.2","0.19","0.25","0.23","-0.95","0.24","0.27","0.29","0.32","0.27","0.28","0.24","0.18","0.23","0.24","0.16","0.16","0.2"
"assets_to_equity","3.25","3.19","6.75","11.99","11.32","8.06","7.91","7.04","7.06","4.77","4.45","3.5","3.68","3.52","3.52","3.43","3.22","3.28","3.29","3.14","3.39","3.57","3.62","3.75","3.7"
"equity_to_assets","0.31","0.31","0.15","0.08","0.09","0.12","0.13","0.14","0.14","0.21","0.22","0.29","0.27","0.28","0.28","0.29","0.31","0.3","0.3","0.32","0.3","0.28","0.28","0.27","0.27"
"debt_to_equity","2.12","2.06","","","9.92","6.77","6.61","5.76","5.61","3.41","3.07","2.29","2.45","2.28","2.26","2.14","1.93","2","1.97","1.82","2.04","2.2","2.23","2.35","2.29"
"debt_to_assets","0.65","0.64","","","0.88","0.84","0.84","0.82","0.79","0.71","0.6899999999999999","0.65","0.67","0.65","0.64","0.63","0.6","0.61","0.6","0.58","0.6","0.62","0.62","0.63","0.62"
"revenue_per_share","1.96","1.93","2.27","2.32","2.84","3.29","3.41","5.07","3.8","3.82","3.57","3.5","3.68","3.91","4.16","4.39","4.63","4.88","5.09","5.32","5.75","6.5","7.04","7.19","7.19"
"ebitda_per_share","0.66","2.67","1.53","1.57","1.81","1.42","2.1","2.5","1.69","1.7","1.52","1.49","1.77","1.8","1.91","2.02","2.16","2.26","2.36","2.5","2.59","2.68","2.85","2.98","2.96"
"operating_income_per_share","0.32","2.3","1.19","1.17","1.34","0.9","1.56","1.91","1.1","1.11","1.01","0.79","0.9399999999999999","1.18","1.28","1.39","1.5","1.59","1.63","1.7","1.77","1.69","1.79","1.91","1.89"
"pretax_income_per_share","","","","","","","","","0.32","0.39","0.41","0.25","0.34","0.41","0.73","0.8","1","1.11","1.16","1.5","1.23","1.41","1.51","1.62","1.77"
"fcf_per_share","0.85","0.37","0.12","0.67","0.28","0.22","0.27","1","0.73","0.9399999999999999","0.8100000000000001","-3.33","0.89","1.05","1.21","1.41","1.26","1.35","1.22","0.97","1.3","1.58","1.16","1.18","1.42"
"book_value_per_share","3.1","3.19","1.55","1.09","1.41","2.06","2.15","2.37","2.43","3.45","3.24","4.95","4.34","4.53","4.61","4.66","5.11","5.89","6.28","6.89","6.78","7.71","7.77","7.67","7.77"
"tangible_book_per_share","3.1","3.19","1.55","1.09","0.98","2.06","2.15","2.37","2.43","3.45","3.24","4.95","4.34","4.53","4.61","4.66","5.11","5.89","6.28","6.89","6.78","7.71","7.77","7.67","7.77"
"payout_ratio","1.13","1.27","1.32","1.33","0.3","-1","0.43","0.46","1.06","0.9","0.96","2.34","1.33","0.78","0.92","0.97","0.89","0.9","0.92","0.8","1.1","1.01","1.07","1.06","1"
"revenue_growth","","-0.03","0.2","0.03","0.29","0.15","0.07000000000000001","0.49","-0.25","0.09","0.01","0.11","0.19","0.07000000000000001","0.07000000000000001","0.06","0.06","0.06","0.06","0.05","0.09","0.13","0.1","0.02",""
"gross_profit_growth","","-0.03","0.07000000000000001","0.02","0.29","0.12","0.09","0.63","-0.6","0.08","-0.02","0.15","0.24","0.05","0.06","0.06","0.06","0.05","0.07000000000000001","0.06","0.04","0.04","0.08","0.05",""
"ebitda_growth","0.02","3","-0.41","0.04","0.21","-0.22","0.52","0.2","-0.32","0.09","-0.04","0.12","0.34","0.02","0.07000000000000001","0.06","0.07000000000000001","0.06","0.06","0.07000000000000001","0.04","0.04","0.08","0.05",""
"operating_income_growth","-0.03","5.97","-0.47","","0.2","-0.33","0.8","0.23","-0.42","0.09","-0.02","-0.11","0.34","0.26","0.09","0.09","0.09","0.07000000000000001","0.04","0.05","0.04","-0.04","0.07000000000000001","0.07000000000000001",""
"pretax_income_growth","","","","","","","","","","0.33","0.14","-0.31","0.55","0.22","0.78","0.09","0.26","0.12","0.07000000000000001","0.3","-0.18","0.15","0.09","0.07000000000000001",""
"net_income_growth","0.15","","-0.01","-0.21","-0.84","-1.58","8.130000000000001","0.93","-0.43","0.86","0.13","-0.41","1.41","0.95","0.11","0.1","0.26","0.16","0.12","0.31","-0.18","0.15","0.08","0.1",""
"eps_diluted_growth","0.34","-0.04","0.03","-0.23","-0.85","-1.58","7.92","0.9","-0.43","0.62","0.03","-0.49","1.06","0.9399999999999999","0.1","0.09","0.25","0.13","0.1","0.29","-0.19","0.14","0.07000000000000001","0.1",""
"shares_diluted_growth","-0.12","-0.01","0.02","0.01","0.05","","0.03","0.01","","0.08","0.08","0.14","0.13","","","","0.01","0.01","0.02","0.01","","","0.01","",""
"cash_and_equiv_growth","-1","","","","","","1.63","2.6","6.83","2.2","-0.91","4.57","-0.47","0.57","0.26","0.09","-0.3","-0.37","0.9399999999999999","-0.58","-0.17","2.91","-0.97","0.6",""
"ppe_growth","-0.07000000000000001","-0.01","-1","","","0.04","0.07000000000000001","","0.01","-0.01","-0.01","-1","","","","","","","","","","","","",""
"total_assets_growth","-0.05","","0.05","0.27","0.29","0.03","0.05","-0.01","0.03","0.04","-0.05","0.71","-0.03","","0.02","-0.01","0.02","0.04","0.09","0.06","0.06","0.2","0.03","0.02",""
"total_equity_growth","-0.13","0.01","-0.5","-0.29","0.36","0.45","0.07000000000000001","0.11","0.03","0.53","0.01","1.17","-0.08","0.04","0.02","0.01","0.09","0.02","0.08","0.11","-0.01","0.14","0.02","-0.01",""
"cfo_growth","-0.06","0.19","-0.01","-0.06","-0.38","0.93","0.1","0.23","-0.07000000000000001","0.32","0.08","0.08","0.35","0.08","0.12","0.23","","0.07000000000000001","0.1","0.07000000000000001","-0.06","0.22","-0.07000000000000001","0.15",""
"capex_growth","","-2.6","-0.63","0.99","-20.83","-3.73","-0.04","0.98","-15.92","-0.05","-0.8100000000000001","-13.66","0.89","0.14","0.02","-0.47","-0.27","-0.06","-0.44","-0.42","0.35","-0.22","-0.22","-0.27",""
"fcf_growth","0.29","-0.58","-0.66","4.59","-0.5600000000000001","-0.22","0.25","2.76","-0.27","0.4","-0.07000000000000001","-5.68","1.3","0.18","0.16","0.17","-0.1","0.08","-0.08","-0.2","0.34","0.22","-0.26","0.02",""
"shares_eop","84.259","86.249","88.373","90.253","91.749","93.184","95.715","97.39400000000001","100.205","121.403","123.889","164.313","166.387","166.627","167.76","168.506","171.059","177.17","179.842","182.09","182.231","185.64","186.12","186.426","186.5"
"dividends","0.41","0.45","0.48","0.37","0.01","0.03","0.08","0.15","0.2","0.28","0.3","0.38","0.44","0.5","0.65","0.75","0.85","0.98","1.1","1.23","1.37","1.45","1.64","1.79","1.82"
"price_to_earnings","19.12","20.97","20.54","33.79","203.73","-444.55","78.31999999999999","34.65","52.5","45.06","45.16","120.27","51.09","28.24","36.43","43.17","37.59","41.53","41.09","45.92","50.58","62","42.24","41.86","35.15"
"price_to_book","1.8","1.95","3.83","6.96","4.92","4.29","5.01","3.85","3.24","3.37","3.76","3.43","3.55","3.65","5.13","6.56","6.52","7.17","7.32","9.699999999999999","8.85","10.95","7.92","8.779999999999999","7.9"
"price_to_sales","2.84","3.22","2.61","3.27","2.45","2.69","3.16","1.8","2.07","3.04","3.42","4.85","4.18","4.23","5.68","6.96","7.2","8.65","9.02","12.56","10.42","12.97","8.74","9.359999999999999","8.550000000000001"
"price_to_tangible_book","1.8","1.95","3.83","6.96","7.07","4.29","5.01","3.85","3.24","3.37","3.76","3.43","3.55","3.65","5.13","6.56","6.52","7.17","7.32","9.699999999999999","8.85","10.95","7.92","8.779999999999999","7.9"
"price_to_fcf","6.52","16.92","49.14","11.39","24.8","40.27","40.43","9.17","10.86","12.39","15.1","-5.1","17.36","15.84","19.48","21.68","26.47","31.3","37.58","69.09","46.29","53.4","53.07","56.95","43.37"
"market_cap","610.87775","672.7422","654.84393","849.2807299999999","820.23606","1037.13792","1302.68115","1112.23948","960.96595","1532.10586","1731.96822","2739.09771","2798.62934","3019.28124","4324.8528","5617.99004","6166.67695","7885.8367","8734.925939999999","12817.3151","11546.15616","16273.2024","12023.352","13150.49004","12010.2136"
"period_end_price","7.25","7.8","7.41","9.41","8.94","11.13","13.61","11.42","9.59","12.62","13.98","16.67","16.82","18.12","25.78","33.34","36.05","44.51","48.57","70.39","63.36","87.66","64.59999999999999","70.54000000000001","70.54000000000001"
