"Company: ","H&R Block Inc (HRB:US)","","","","","","","","","","","","","","","","","","","","","","","",""
"Exchange: ","NYSE","","","","","","","","","","","","","","","","","","","","","","","",""
"Last Close Price: ","53.31","","","","","","","","","","","","","","","","","","","","","","","",""
"Industry: ","Diversified Consumer Services","","","","","","","","","","","","","","","","","","","","","","","",""
"Currency: ","USD","","","","","","","","","","","","","","","","","","","","","","","",""
"Country: ","US","","","","","","","","","","","","","","","","","","","","","","","",""
"Market Cap.: ","7395","","","","","","","","","","","","","","","","","","","","","","","",""
"Enterprise Value: ","8091","","","","","","","","","","","","","","","","","","","","","","","",""
"period_end_date","2000-04","2001-04","2002-04","2003-04","2004-04","2005-04","2006-04","2007-04","2008-04","2009-04","2010-04","2011-04","2012-04","2013-04","2014-04","2015-04","2016-04","2017-04","2018-04","2019-04","2020-04","2021-04","2022-06","2023-06","TTM"
"revenue","2451.943","2526.174","3285.701","3746.457","4018.085","3097.035","3574.753","4021.274","4086.63","4083.577","3751.927","2944.98","2893.771","2905.943","3024.295","3078.658","3038.153","3036.314","3159.931","3094.881","2639.72","3413.987","3463.27","3472.185","3579.863"
"cogs","338.501","397.242","539.471","591.4349999999999","2177.384","1891.071","2146.048","2508.458","2588.193","2596.218","2467.996","1776.782","1922.035","1744.478","1822.156","1869.017","1685.552","1644.377","1739.729","1756.922","1712.276","1842.092","1881.262","1923.452","1965.952"
"gross_profit","2113.442","2128.932","2746.23","3155.022","1840.701","1205.964","1428.705","1512.816","1498.437","1487.359","1283.931","1168.198","971.736","1161.465","1202.139","1209.641","1352.601","1391.937","1420.202","1337.959","927.444","1571.895","1582.008","1548.733","1613.911"
"sga","1409.109","1670.87","1759.275","1884.538","846.157","693.147","891.691","852.954","788.898","648.49","631.499","529.159","378.188","373.304","361.304","367.032","719.409","675.953","668.152","722.167","744.361","802.268","837.111","800.035","782.955"
"rnd","","","","","","","","","","","","","","","","","","","","","","","","",""
"special_charges","","","","","","","","","","","","","","","","","","","","","","","","",""
"other_opex","302.245","-7.004","271.527","290.242","-229.795","-49.334","","0.3","","","","","19.847","17.178","22.345","47.943","","","","","","","","",""
"total_opex","1711.354","1663.866","2030.802","2174.78","616.362","643.813","891.691","853.254","788.898","648.49","631.499","529.159","398.035","390.482","383.649","414.975","719.409","675.953","668.152","722.167","744.361","802.268","837.111","800.035","782.955"
"operating_income","402.088","465.066","715.428","980.242","1224.339","562.151","537.014","659.562","709.539","838.869","652.432","639.039","573.701","770.9829999999999","818.49","794.6660000000001","633.192","715.984","752.05","615.792","183.083","769.627","744.897","748.698","830.956"
"net_interest_income_normal","","","","","","","","","151.558","154.516","122.405","134.153","7.711","-74.297","-35.361","-44.974","-56.452","-89.121","-82.511","-87.051","-96.09399999999999","-106.87","-88.282","-72.97799999999999","-79.175"
"other_nonoperating_income","10.178","8.012","1.412","6.835","-61.364","-34.538","-26.532","-23.764","-126.026","-154.015","9.298","-145.489","-5.342","5.325","-16.013","-6.887","-7.261","2.424","-0.8070000000000001","16.419","-90.363","5.979","2.454","35.492","35.454"
"pretax_income","412.266","473.078","716.84","987.077","1162.975","527.6130000000001","510.482","635.798","735.071","839.37","784.135","627.703","576.0700000000001","702.011","767.116","742.8049999999999","569.479","629.287","668.732","545.16","-3.374","668.736","659.069","711.212","787.235"
"income_tax","-160.371","-196.33","-282.435","-407.013","-462.523","-207.864","-212.941","-261.461","-289.124","-326.315","-295.189","-235.156","-230.102","-236.853","-267.019","-256.061","-185.926","-208.37","-41.823","-99.904","9.529999999999999","-78.524","-98.423","-149.412","-143.685"
"net_income_continuing","251.895","276.748","434.405","580.064","700.452","319.749","297.541","374.337","445.947","513.0549999999999","488.946","392.547","345.968","465.158","500.097","486.744","383.553","420.917","626.909","445.256","6.156","590.212","560.646","561.8","643.55"
"net_income_discontinued","","","","","","304.161","192.867","-807.99","-754.5940000000001","-27.382","-9.704000000000001","13.563","-80.036","-31.21","-24.94","-13.081","-9.286","-11.972","-13.76","-22.747","-13.682","-6.421","-6.972","-8.1","-3.779"
"income_allocated_to_minority_interest","","","","","","","","","","","","","","","","","","","","","","","","",""
"other_income_statement_items","","4.414","-5.6843418860808E-14","-1.1368683772162E-13","-6.358999999999901","-1.1368683772162E-13","","","5.6843418860808E-14","-5.6843418860808E-14","5.6843418860808E-14","5.6843418860808E-14","-5.6843418860808E-14","","","5.6843418860808E-14","-5.6843418860808E-14","-5.6843418860808E-14","","5.6843418860808E-14","1.7763568394003E-15","1.1368683772162E-13","","1.1368683772162E-13","1.4210854715202E-13"
"net_income","251.895","281.162","434.405","580.064","694.093","623.91","490.408","-433.653","-308.647","485.673","479.242","406.11","265.932","433.948","475.157","473.663","374.267","408.945","613.149","422.509","-7.526","583.7910000000001","553.674","553.7","639.771"
"preferred_dividends","","","","","","","","","","","","","","","","","","","","","","","","",""
"net_income_available_to_shareholders","251.895","281.162","434.405","580.064","694.093","623.91","490.408","-433.653","-308.647","485.673","479.242","406.11","265.932","433.948","475.157","473.663","374.267","408.945","613.149","422.509","-7.526","583.7910000000001","553.674","553.7","639.771"
"eps_basic","0.64","0.77","1.21","1.33","1.96","1.88","1.49","-1.34","-0.95","1.45","1.44","1.31","0.89","1.59","1.73","1.72","1.5","1.92","2.93","2.05","-0.04","3.11","3.27","3.58","4.55"
"eps_diluted","0.64","0.77","1.17","1.3","1.92","1.85","1.47","-1.34","-0.95","1.45","1.43","1.31","0.89","1.58","1.72","1.71","1.49","1.91","2.91","2.04","-0.04","3.08","3.22","3.51","4.37"
"shares_basic","393.586","365.145","359.012","436.138","354.129","331.867","329.133","323.622","324.81","332.787","332.283","309.23","297.863","273.057","273.83","275.033","249.009","212.809","208.824","205.372","196.701","186.832","168.519","154.044","154.044"
"shares_diluted","396.685","367.532","371.286","446.203","361.507","337.249","333.611","326.055","327.468","334.539","333.236","309.777","298.601","274.359","276.027","277.136","250.818","214.095","210.213","206.724","198.108","188.777","171.435","157.248","157.248"
"cash_and_equiv","379.901","187.616","436.145","875.353","1071.676","1100.213","1059.266","921.838","664.897","1654.663","1804.045","1677.844","1944.334","1747.584","2185.307","2007.19","896.801","1011.331","1544.944","1572.15","2661.914","934.251","885.015","986.975","986.975"
"st_investments","62.369","54.424","28.37","","","","","","","","","","","","423.495","439.625","","","","","","","","",""
"receivables","3292.101","1676.108","1212.883","920.234","972.986","1009.014","971.873","966.777","534.229","512.814","517.986","492.29","170.141","183.617","171.041","146.056","128.024","146.573","131.132","130.419","151.673","522.032","254.594","85.063","85.063"
"inventories","","","","","","","","","","","","","","","","","","","","","","","","",""
"other_current_assets","145.741","345.139","567.745","829.644","916.6369999999999","961.407","757.297","2288.169","1415.361","403.603","327.005","307.597","386.519","531.1420000000001","334.163","358.43","195.776","188.135","215.637","290.79","273.149","243.441","244.849","115.448","115.448"
"total_current_assets","3880.112","2263.287","2245.143","2625.231","2961.299","3070.634","2788.436","4176.784","2614.487","2571.08","2649.036","2477.731","2500.994","2462.343","3114.006","2951.301","1220.601","1346.039","1891.713","1993.359","3086.736","1699.724","1384.458","1187.486","1187.486"
"equity_and_other_investments","","","","","","","","","","","","","371.315","486.876","","","","","","","","","","",""
"ppe_gross","525.466","613.134","697.385","774.202","858.755","988.575","966.399","1026.217","984.124","993.364","1002.478","984.54","240.772","267.88","304.911","311.387","293.565","263.827","231.888","212.092","679.155","1418.621","1409.163","1414.491","1414.491"
"accumulated_depreciation","-225.967","-324.287","-410.885","-485.608","-579.535","-658.425","-622.693","-647.151","-620.46","-625.075","-657.008","-677.22","","","","","","","","","","-832.885","-857.468","-846.177","-846.177"
"ppe_net","299.499","288.847","286.5","288.594","279.22","330.15","343.706","379.066","363.664","368.289","345.47","307.32","240.772","267.88","304.911","311.387","293.565","263.827","231.888","212.092","679.155","585.736","551.6950000000001","568.314","568.314"
"intangible_assets","0.0040000000001328","1051.826","1106.941","1056.08","1399.068","413.703","210.329","181.412","147.372","385.998","367.429","367.914","276.66","284.441","355.619","432.143","433.882","409.361","373.982","342.49","414.974","360.147","309.645","277.046","277.046"
"goodwill","1095.07","","","","","1015.95","941.3200000000001","993.92","831.3099999999999","850.23","840.45","846.25","427.57","434.78","436.12","441.83","470.76","491.21","507.87","519.9400000000001","712.14","757.66","760.4","775.45","775.45"
"other_lt_assets","438.184","509.745","592.207","797.403","740.439","707.619","1705.344","1812.868","1666.592","1184.125","1031.933","1208.746","832.256","601.4589999999999","482.873","378.759","428.417","183.671","135.496","232.064","219.042","250.379","262.96","263.962","263.962"
"total_assets","5712.869","4113.705","4230.791","4767.308","5380.026","5538.056","5989.135","7544.05","5623.425","5359.722","5234.318","5207.961","4649.567","4537.779","4693.529","4515.42","2847.225","2694.108","3140.949","3299.945","5112.047","3653.646","3269.158","3072.258","3072.258"
"accounts_payable","2792.562","1411.291","1313.823","1331.627","1521.96","1515.433","1391.332","1152.561","739.8869999999999","705.9450000000001","756.577","618.0700000000001","567.079","523.921","222.489","231.322","259.586","217.028","251.975","249.525","203.103","198.084","160.929","159.901","159.901"
"tax_payable","","","","","","","","","439.38","543.967","459.175","458.91","336.374","416.128","406.655","434.684","373.754","348.199","263.05","271.973","209.816","287.404","280.115","271.8","271.8"
"current_accrued_liabilities","389.631","517.429","506.223","509.891","674.414","693.818","774.841","747.326","365.712","259.698","","","163.992","134.97","167.032","144.744","161.786","183.856","141.499","196.527","116.375","270.982","154.764","95.154","95.154"
"st_debt","351.775","51.763","59.656","55.678","275.669","25.545","506.992","1576.386","921.91","33.782","906.2430000000001","880.657","631.434","0.722","400.637","0.79","0.826","0.981","1.026","","649.384","","","",""
"current_deferred_revenue","","","","","","","","","","","","","827.549","936.4640000000001","1116.303","1066.749","243.653","189.216","186.101","204.976","201.401","200.216","196.107","206.536","206.536"
"current_deferred_tax_liability","","","","","","","","","","","","","","","","","","","","","","","","",""
"other_current_liabilities","","2.2737367544323E-13","","","4.5474735088646E-13","-4.5474735088646E-13","220.271","1744.636","644.446","854.888","199.496","257.038","","","","-2.2737367544323E-13","","","","-1.1368683772162E-13","","-2.2737367544323E-13","","1.1368683772162E-13","1.1368683772162E-13"
"total_current_liabilities","3533.968","1980.483","1879.702","1897.196","2472.043","2234.796","2893.436","5220.909","3111.335","2398.28","2321.491","2214.675","2526.428","2012.205","2313.116","1878.289","1039.605","939.28","843.651","923.001","1575.616","1163.079","998.813","938.782","938.782"
"lt_debt","872.396","870.974","868.3869999999999","822.302","545.811","923.073","417.539","519.807","1031.784","1107.122","1060.144","1049.754","409.115","905.958","505.837","505.298","1491.375","1493.017","1494.609","1492.629","2845.873","1490.039","1486.876","1488.974","1488.974"
"noncurrent_capital_leases","","","","","","","","","","","","","","","","","","","","","312.566","242.626","228.82","240.543","240.543"
"pension_liabilities","","","","","","","","","","","","","","","","","","","","","","","","",""
"noncurrent_deferred_revenue","","","","","","","","","","","","","","","157.465","142.586","132.96","159.085","229.43","197.906","182.441","279.351","226.362","264.567","264.567"
"other_lt_liabilities","87.916","88.50700000000001","113.282","384.101","465.163","430.919","530.361","388.835","492.488","448.461","412.053","493.958","388.132","356.069","160.562","156.298","160.182","163.609","179.548","144.882","124.51","126.15","116.656","107.328","107.328"
"total_liabilities","4494.28","2939.964","2861.371","3103.599","3483.017","3588.788","3841.336","6129.551","4635.607","3953.863","3793.688","3758.387","3323.675","3274.232","3136.98","2682.471","2824.122","2754.991","2747.238","2758.418","5041.006","3301.245","3057.527","3040.194","3040.194"
"common_stock","1","2","2","2","2","4","","","","","","","4","3","3","3","3","2","2","2","2","2","2","2","2"
"preferred_stock","","","","","","","","","","","","","","","","","","","","","","","","",""
"retained_earnings","1277.324","1449.022","1767.702","2221.868","2781.368","3161.682","3492.059","2886.44","2384.449","2671.437","2658.586","2658.103","2523.997","1333.445","1589.297","1836.442","40.347","-48.206","362.98","499.386","42.965","248.506","120.405","-48.677","-48.677"
"aoci","-26.241","-42.767","44.128","36.862","57.953","68.718","21.948","-1.32","2.486","-11.639","1.678","11.233","12.145","10.55","5.177","1.74","-11.233","-15.299","-14.303","-20.416","-51.576","4.786","-21.645","-37.099","-37.099"
"apic","420.594","419.957","468.052","496.393","545.0650000000001","598.388","657.412","681.125","700.318","840.919","836.918","816.79","796.784","752.4829999999999","766.654","783.793","758.23","754.912","760.25","767.636","775.3869999999999","783.292","772.182","770.376","770.376"
"treasury_stock","-454.177","-654.65","-912.641","-1093.593","-1489.556","-1883.879","-2023.62","-2151.746","-2099.435","-2094.858","-2056.552","-2036.552","-2011.013","-836.097","-807.745","-792.192","-766.843","-754.752","-717.678","-707.462","-698.0170000000001","-686.35","-661.247","-654.325","-654.325"
"other_equity","0.088999999999942","0.17900000000009","0.17900000000009","0.17900000000009","0.17900000000009","0.35900000000038","","2.2737367544323E-13","2.2737367544323E-13","4.5474735088646E-13","4.5474735088646E-13","-2.2737367544323E-13","-0.020999999999958","0.16599999999994","0.16600000000017","0.16600000000017","-0.39800000000009","0.46199999999991","0.46199999999988","0.38300000000004","0.2820000000001","0.16699999999997","-0.06400000000005","-0.21099999999998","-0.21099999999998"
"minority_interest_liability","","","","","","","","","","","","","","","","","","","","","","","","",""
"total_equity","1218.589","1173.741","1369.42","1663.709","1897.009","1949.268","2147.799","1414.499","987.818","1405.859","1440.63","1449.574","1325.892","1263.547","1556.549","1832.949","23.103","-60.883","393.711","541.527","71.041","352.401","211.631","32.064","32.064"
"total_liabilities_and_equity","5712.869","4113.705","4230.791","4767.308","5380.026","5538.056","5989.135","7544.05","5623.425","5359.722","5234.318","5207.961","4649.567","4537.779","4693.529","4515.42","2847.225","2694.108","3140.949","3299.945","5112.047","3653.646","3269.158","3072.258","3072.258"
"cfo_net_income","251.895","281.162","434.405","580.064","694.093","623.91","490.408","-433.653","-308.647","485.673","479.242","406.11","265.932","433.948","475.157","473.663","374.267","408.945","613.149","422.509","-7.526","583.7910000000001","553.674","553.7","639.771"
"cfo_da","147.218","205.608","155.386","161.821","248.849","149.936","148.321","150.215","119.514","123.631","126.901","121.633","103.576","92.407","115.604","159.804","173.598","182.168","183.295","166.695","169.536","156.852","142.178","130.501","122.845"
"cfo_receivables","-1303.125","1059.804","333.378","239.684","-82.55200000000001","-77.09999999999999","-39.695","9.135999999999999","-116.846","-77.447","-87.889","-105.708","49.755","-72.66200000000001","-30.376","-68.10899999999999","-70.721","-80.20999999999999","-63.935","-73.648","-66.896","-150.933","-37.889","-57.244","-167.955"
"cfo_inventory","","","","","","","","","","","","","","","","","","","","","","","","",""
"cfo_prepaid_expenses","-52.551","-88.515","-179.694","-24.636","26.978","-14.931","0.174","-1.264","6.796","84.279","-2.32","-37.892","0.538","-3.464","2.293","-8.542","4.321","-8.569000000000001","-6.453","-4.503","39.377","-49.498","-1.944","-7.011","-7.61"
"cfo_other_working_capital","1411.263","-1195.761","-160.125","-222.111","184.44","50.453","244.861","-441.272","181.407","29.126","-289.696","-99.223","-297.263","-37.253","125.88","-15.767","-72.123","-68.65300000000001","-84.636","0.019999999999996","-227.896","6.577","104.811","68.7","77.67100000000001"
"cfo_change_in_working_capital","55.587","-224.472","-6.441","-7.063","128.866","-41.578","205.34","-433.4","71.357","35.958","-379.905","-242.823","-246.97","-113.379","97.797","-92.41800000000001","-138.523","-157.432","-155.024","-78.131","-255.415","-193.854","64.97799999999999","4.445","-97.89400000000001"
"cfo_deferred_tax","-29.286","-38.87","30.136","63.849","-2.081","-60.554","-86.652","-45.381","-51.695","73.21299999999999","170.566","9.432","13.227","-21.846","20.958","-15.502","36.276","46.455","112.14","1.129","-8.300000000000001","-22.583","-53.352","49.579","-15.329"
"cfo_stock_comp","","","","","","","","","40.37","26.56","29.37","14.5","14.97","15.29","20.06","26.07","23.54","19.29","21.95","23.77","28.05","28.27","34.25","31.33","29.86"
"cfo_other_noncash_items","65.164","72.087","127.96","-107.846","-217.264","-157.317","-163.275","177.495","387.861","279.404","161.295","203.651","211.314","90.688","80.005","74.991","75.395","52.771","74.49299999999999","70.566","182.616","73.452","66.809","52.286","64.46599999999999"
"cf_cfo","490.578","295.515","741.446","690.825","852.463","514.397","594.1420000000001","-584.724","258.76","1024.439","587.4690000000001","512.503","362.049","497.108","809.581","626.6079999999999","544.553","552.197","850.003","606.538","108.961","625.928","808.537","821.841","743.7190000000001"
"cfi_ppe_net","-141.856","-66.833","-111.654","-150.897","-123.826","-209.458","-250.51","-161.091","-101.554","-97.88","-90.515","-62.959","-82.45699999999999","-113.239","-147.011","-123.158","-99.923","-89.255","-98.583","-95.48999999999999","-81.685","-52.792","-61.955","-69.69799999999999","-66.86799999999999"
"cfi_acquisitions_net","","","","","","","","","-24.872","-293.805","56.084","16.912","545.241","-16.957","-67.486","-113.252","-88.776","-54.816","-42.539","-43.637","-450.242","-15.576","-35.92","-48.246","-43.669"
"cfi_investment_net","265.816","367.08","91.252","141.953","250.973","152.107","-262.601","-48.392","213.987","101.312","83.22499999999999","-122.027","-189.791","-108.766","61.943","1.297","436.471","1.144","","","","","","",""
"cfi_intangibles_net","","","","","","","","","","","","","","","","","","","","","","","","",""
"cfi_other","-978.307","-41.64","-38.631","134.283","-254.533","-1.059","-175.394","-948.893","2119.456","295.933","-17.441","57.917","78.874","128.025","163.244","86.181","81.74299999999999","242.246","29.065","-16.004","61.696","22.845","21.334","16.555","10.792"
"cf_cfi","-854.347","258.607","-59.033","125.339","-127.386","-58.41","-688.505","-1158.376","2207.017","5.56","31.353","-110.157","351.867","-110.937","10.69","-148.932","329.515","99.319","-112.057","-155.131","-470.231","-45.523","-76.541","-101.389","-99.745"
"cff_common_stock_net","-13.696","-203.345","-267.705","-191.245","-399.906","-393.92","-151.805","-163.099","-7.28","35.226","-254.25","-283.534","-180.592","-340.413","-6.106","-10.449","-2018.338","-322.85","-9.147","-189.912","-256.214","-191.294","-563.174","-568.952","-582.1180000000001"
"cff_pfd_net","","","","","","","","","","","","","","","","","","","","","","","","",""
"cff_debt_net","702.928","-352.54","-50.594","-57.469","-59.003","145.221","","1171.082","-942.706","-29","-7.507","-50","-25","-139.436","","-400","996.831","","","","2000","-2002.035","-500","","-800"
"cff_dividend_paid","-105.48","-108.374","-115.725","-125.898","-138.397","-142.988","-160.031","-171.966","-183.628","-198.685","-200.899","-186.802","-208.801","-217.201","-218.98","-219.96","-201.688","-187.115","-200.469","-205.461","-204.87","-195.068","-186.476","-177.925","-179.29"
"cff_other","-33.322","2.049","0.13999999999999","-2.3440000000001","31.681","-36.228","8.800000000000001","1155.094","-424.455","152.226","-18.462","-14.055","-30.669","112.509","-139.844","-15.398","-738.534","-20.459","18.952","-8.3219999999999","-7.0680000000002","-20.425999999999","-7.6959999999999","-4.115","795.5"
"cf_cff","550.4299999999999","-662.21","-433.884","-376.956","-565.625","-427.915","-303.036","1991.111","-1558.069","-40.233","-481.118","-534.391","-445.062","-584.5410000000001","-364.93","-645.807","-1961.729","-530.424","-190.664","-403.695","1531.848","-2408.823","-1257.346","-750.992","-765.908"
"ebitda","549.306","670.674","870.814","1142.063","1473.188","712.087","685.335","809.777","829.053","962.5","779.333","760.672","677.277","863.39","934.0940000000001","954.47","806.79","898.152","935.345","782.487","352.619","926.479","887.075","879.199","953.801"
"capex","-141.856","-66.833","-111.654","-150.897","-123.826","-209.458","-250.51","-161.091","-101.554","-97.88","-90.515","-62.959","-82.45699999999999","-113.239","-147.011","-123.158","-99.923","-89.255","-98.583","-95.48999999999999","-81.685","-52.792","-61.955","-69.69799999999999","-66.86799999999999"
"fcf","348.722","228.682","629.792","539.928","728.6369999999999","304.939","343.632","-745.8150000000001","157.206","926.559","496.954","449.544","279.592","383.869","662.5700000000001","503.45","444.63","462.942","751.42","511.048","27.276","573.136","746.582","752.143","676.851"
"book_value","1218.589","1173.741","1369.42","1663.709","1897.009","1949.268","2147.799","1414.499","987.818","1405.859","1440.63","1449.574","1325.892","1263.547","1556.549","1832.949","23.103","-60.883","393.711","541.527","71.041","352.401","211.631","32.064","-129.806"
"tangible_book_value","123.515","121.915","262.479","607.629","497.941","519.615","996.15","239.167","9.135999999999999","169.631","232.751","235.41","621.662","544.326","764.8099999999999","958.976","-881.539","-961.454","-488.141","-320.903","-1056.073","-765.4059999999999","-858.414","-1020.432","-1194.658"
"roa","0.07000000000000001","0.06","0.1","0.13","0.14","0.11","0.09","-0.06","-0.05","0.09","0.09","0.08","0.05","0.09","0.1","0.1","0.1","0.15","0.21","0.13","","0.13","0.16","0.17","0.2"
"roe","0.22","0.24","0.34","0.38","0.39","0.32","0.24","-0.24","-0.26","0.41","0.34","0.28","0.19","0.34","0.34","0.28","0.4","-21.65","3.68","0.9","-0.02","2.76","1.96","4.54","-7.7"
"roic","0.13","0.12","0.2","0.24","0.26","0.22","0.16","-0.13","-0.1","0.18","0.16","0.12","0.09","0.19","0.21","0.2","0.19","0.28","0.37","0.22","","0.2","0.28","0.3","0.4"
"roce","0.2","0.2","0.31","0.37","0.4","0.17","0.15","0.18","0.19","0.26","0.19","0.17","0.17","0.29","0.31","0.29","0.28","0.4","0.37","0.26","0.06","0.23","0.31","0.34","0.41"
"rotce","0.33","0.36","0.59","0.62","0.67","0.31","0.25","0.25","0.27","0.4","0.3","0.24","0.24","0.4","0.43","0.42","0.47","0.8100000000000001","0.66","0.42","0.08","0.35","0.58","0.66","0.88"
"gross_margin","0.86","0.84","0.84","0.84","0.46","0.39","0.4","0.38","0.37","0.36","0.34","0.4","0.34","0.4","0.4","0.39","0.45","0.46","0.45","0.43","0.35","0.46","0.46","0.45","0.45"
"ebitda_margin","0.22","0.27","0.27","0.3","0.37","0.23","0.19","0.2","0.2","0.24","0.21","0.26","0.23","0.3","0.31","0.31","0.27","0.3","0.3","0.25","0.13","0.27","0.26","0.25","0.27"
"operating_margin","0.16","0.18","0.22","0.26","0.3","0.18","0.15","0.16","0.17","0.21","0.17","0.22","0.2","0.27","0.27","0.26","0.21","0.24","0.24","0.2","0.07000000000000001","0.23","0.22","0.22","0.23"
"pretax_margin","0.17","0.19","0.22","0.26","0.29","0.17","0.14","0.16","0.18","0.21","0.21","0.21","0.2","0.24","0.25","0.24","0.19","0.21","0.21","0.18","","0.2","0.19","0.2","0.22"
"net_income_margin","0.1","0.11","0.13","0.15","0.17","0.2","0.14","-0.11","-0.08","0.12","0.13","0.14","0.09","0.15","0.16","0.15","0.12","0.13","0.19","0.14","","0.17","0.16","0.16","0.18"
"fcf_margin","0.14","0.09","0.19","0.14","0.18","0.1","0.1","-0.19","0.04","0.23","0.13","0.15","0.1","0.13","0.22","0.16","0.15","0.15","0.24","0.17","0.01","0.17","0.22","0.22","0.19"
"assets_to_equity","4.69","3.5","3.09","2.87","2.84","2.84","2.79","5.33","5.69","3.81","3.63","3.59","3.51","3.59","3.02","2.46","123.24","-44.25","7.98","6.09","71.95999999999999","10.37","15.45","95.81999999999999","-24.75"
"equity_to_assets","0.21","0.29","0.32","0.35","0.35","0.35","0.36","0.19","0.18","0.26","0.28","0.28","0.29","0.28","0.33","0.41","0.01","-0.02","0.13","0.16","0.01","0.1","0.06","0.01","-0.04"
"debt_to_equity","1","0.79","0.68","0.53","0.43","0.49","0.43","1.48","1.98","0.8100000000000001","1.36","1.33","0.78","0.72","0.58","0.28","64.59","-24.54","3.8","2.76","53.6","4.92","8.109999999999999","53.94","-13.14"
"debt_to_assets","0.21","0.22","0.22","0.18","0.15","0.17","0.15","0.28","0.35","0.21","0.38","0.37","0.22","0.2","0.19","0.11","0.52","0.55","0.48","0.45","0.74","0.47","0.52","0.5600000000000001","0.53"
"revenue_per_share","6.18","6.87","8.85","8.4","11.11","9.18","10.72","12.33","12.48","12.21","11.26","9.51","9.69","10.59","10.96","11.11","12.11","14.18","15.03","14.97","13.32","18.08","20.2","22.08","24.67"
"ebitda_per_share","1.38","1.82","2.35","2.56","4.08","2.11","2.05","2.48","2.53","2.88","2.34","2.46","2.27","3.15","3.38","3.44","3.22","4.2","4.45","3.79","1.78","4.91","5.17","5.59","6.56"
"operating_income_per_share","1.01","1.27","1.93","2.2","3.39","1.67","1.61","2.02","2.17","2.51","1.96","2.06","1.92","2.81","2.97","2.87","2.52","3.34","3.58","2.98","0.92","4.08","4.35","4.76","5.72"
"pretax_income_per_share","1.04","1.29","1.93","2.21","3.22","1.56","1.53","1.95","2.24","2.51","2.35","2.03","1.93","2.56","2.78","2.68","2.27","2.94","3.18","2.64","-0.02","3.54","3.84","4.52","5.41"
"fcf_per_share","0.88","0.62","1.7","1.21","2.02","0.9","1.03","-2.29","0.48","2.77","1.49","1.45","0.9399999999999999","1.4","2.4","1.82","1.77","2.16","3.57","2.47","0.14","3.04","4.35","4.78","4.72"
"book_value_per_share","3.07","3.19","3.69","3.73","5.25","5.78","6.44","4.34","3.02","4.2","4.32","4.68","4.44","4.61","5.64","6.61","0.09","-0.28","1.87","2.62","0.36","1.87","1.23","0.2","-0.92"
"tangible_book_per_share","0.31","0.33","0.71","1.36","1.38","1.54","2.99","0.73","0.03","0.51","0.7","0.76","2.08","1.98","2.77","3.46","-3.51","-4.49","-2.32","-1.55","-5.33","-4.05","-5.01","-6.49","-8.44"
"payout_ratio","0.42","0.38","0.27","0.27","0.2","0.23","0.33","-0.4","-0.59","0.41","0.42","0.46","0.79","0.51","0.47","0.47","0.54","0.46","0.33","0.49","-26","0.34","0.34","0.33","0.29"
"revenue_growth","0.49","0.03","0.3","0.14","0.07000000000000001","-0.23","0.15","0.12","0.02","","-0.08","-0.22","-0.02","","0.04","0.02","-0.01","","0.04","-0.02","-0.15","0.29","0.01","",""
"gross_profit_growth","0.48","0.01","0.29","0.15","-0.42","-0.34","0.18","0.06","-0.01","-0.01","-0.14","-0.09","-0.17","0.2","0.04","0.01","0.12","0.03","0.02","-0.06","-0.31","0.6899999999999999","0.01","-0.02",""
"ebitda_growth","0.28","0.22","0.3","0.31","0.29","-0.52","-0.04","0.18","0.02","0.16","-0.19","-0.02","-0.11","0.27","0.08","0.02","-0.15","0.11","0.04","-0.16","-0.55","1.63","-0.04","-0.01",""
"operating_income_growth","0.13","0.16","0.54","0.37","0.25","-0.54","-0.04","0.23","0.08","0.18","-0.22","-0.02","-0.1","0.34","0.06","-0.03","-0.2","0.13","0.05","-0.18","-0.7","3.2","-0.03","0.01",""
"pretax_income_growth","0.07000000000000001","0.15","0.52","0.38","0.18","-0.55","-0.03","0.25","0.16","0.14","-0.07000000000000001","-0.2","-0.08","0.22","0.09","-0.03","-0.23","0.11","0.06","-0.18","-1.01","199.2","-0.01","0.08",""
"net_income_growth","0.17","0.12","0.55","0.34","0.2","-0.1","-0.21","-1.88","0.29","2.57","-0.01","-0.15","-0.35","0.63","0.09","","-0.21","0.09","0.5","-0.31","-1.02","78.56999999999999","-0.05","",""
"eps_diluted_growth","0.19","0.2","0.53","0.11","0.48","-0.04","-0.21","-1.91","0.29","2.53","-0.01","-0.08","-0.32","0.78","0.09","-0.01","-0.13","0.28","0.52","-0.3","-1.02","78","0.05","0.09",""
"shares_diluted_growth","-0.01","-0.07000000000000001","0.01","0.2","-0.19","-0.07000000000000001","-0.01","-0.02","","0.02","","-0.07000000000000001","-0.04","-0.08","0.01","","-0.09","-0.15","-0.02","-0.02","-0.04","-0.05","-0.09","-0.08",""
"cash_and_equiv_growth","0.97","-0.51","1.32","1.01","0.22","0.03","-0.04","-0.13","-0.28","1.49","0.09","-0.07000000000000001","0.16","-0.1","0.25","-0.08","-0.55","0.13","0.53","0.02","0.6899999999999999","-0.65","-0.05","0.12",""
"ppe_growth","1.62","-0.04","-0.01","0.01","-0.03","0.18","0.04","0.1","-0.04","0.01","-0.06","-0.11","-0.22","0.11","0.14","0.02","-0.06","-0.1","-0.12","-0.09","2.2","-0.14","-0.06","0.03",""
"total_assets_growth","1.99","-0.28","0.03","0.13","0.13","0.03","0.08","0.26","-0.25","-0.05","-0.02","-0.01","-0.11","-0.02","0.03","-0.04","-0.37","-0.05","0.17","0.05","0.55","-0.29","-0.11","-0.06",""
"total_equity_growth","0.15","-0.04","0.17","0.21","0.14","0.03","0.1","-0.34","-0.3","0.42","0.02","0.01","-0.09","-0.05","0.23","0.18","-0.99","-3.64","7.47","0.38","-0.87","3.96","-0.4","-0.85",""
"cfo_growth","1.22","-0.4","1.51","-0.07000000000000001","0.23","-0.4","0.16","-1.98","1.44","2.96","-0.43","-0.13","-0.29","0.37","0.63","-0.23","-0.13","0.01","0.54","-0.29","-0.82","4.74","0.29","0.02",""
"capex_growth","-0.8","0.53","-0.67","-0.35","0.18","-0.6899999999999999","-0.2","0.36","0.37","0.04","0.08","0.3","-0.31","-0.37","-0.3","0.16","0.19","0.11","-0.1","0.03","0.14","0.35","-0.17","-0.12",""
"fcf_growth","1.46","-0.34","1.75","-0.14","0.35","-0.58","0.13","-3.17","1.21","4.89","-0.46","-0.1","-0.38","0.37","0.73","-0.24","-0.12","0.04","0.62","-0.32","-0.95","20.01","0.3","0.01",""
"shares_eop","392.141","367.218","362.251","358.223","346.19","331.241","321.926","323.407","326.011","334.14","323.306","305.365","292.119","272.635","274.228","275.275","220.517","207.171","209.254","201.959","192.475","181.466","159.93","146.15","139.53"
"dividends","0.27","0.29","0.32","0.35","0.39","0.43","0.49","0.53","0.5600000000000001","0.59","0.6","0.6","0.7","0.8","0.8","0.8","0.8","0.88","0.96","1","1.04","1.04","1.08","1.16","1.25"
"price_to_earnings","16.27","17.96","16.73","11.93","11.25","13.24","14.99","-16.86","-23.1","10.42","12.35","13","16.15","17.43","16.4","17.57","11.93","12.56","9.44","13.01","-425.82","6.92","10.2","8.41","10.71"
"price_to_book","3.36","4.3","5.31","4.16","4.12","4.24","3.42","5.17","7.22","3.6","4.11","3.64","3.24","5.99","5.01","4.54","193.19","-84.34999999999999","14.7","10.15","45.11","11.46","26.69","145.27","-52.79"
"price_to_sales","1.67","2","2.21","1.85","1.94","2.67","2.06","1.82","1.74","1.24","1.58","1.79","1.48","2.6","2.58","2.7","1.47","1.69","1.83","1.78","1.21","1.18","1.63","1.34","1.91"
"price_to_tangible_book","33.18","41.42","27.69","11.38","15.68","15.89","7.38","30.57","780.41","29.82","25.43","22.43","6.91","13.89","10.19","8.68","-5.06","-5.34","-11.85","-17.12","-3.03","-5.28","-6.58","-4.56","-5.74"
"price_to_fcf","11.75","22.08","11.54","12.81","10.72","27.08","21.39","-9.800000000000001","45.35","5.46","11.91","11.74","15.36","19.7","11.76","16.53","10.04","11.09","7.7","10.75","117.49","7.05","7.57","6.19","10.12"
"market_cap","4097.87345","5049.2475","7266.75506","6917.28613","7810.0464","8257.83813","7349.57058","7312.23227","7129.86057","5058.8796","5919.73286","5279.76085","4294.1493","7562.8949","7793.55976","8324.316000000001","4463.26408","5135.76909","5785.8731","5495.30439","3204.70875","4039.43316","5648.7276","4657.8005","6852.17097"
"period_end_price","10.45","13.75","20.06","19.31","22.56","24.93","22.83","22.61","21.87","15.14","18.31","17.29","14.7","27.74","28.42","30.24","20.24","24.79","27.65","27.21","16.65","22.26","35.32","31.87","31.87"
