"Company: ","Jefferies Financial Group Inc (JEF:US)","","","","","","","","","","","","","","","","","","","","","","","",""
"Exchange: ","NYSE","","","","","","","","","","","","","","","","","","","","","","","",""
"Last Close Price: ","46.04","","","","","","","","","","","","","","","","","","","","","","","",""
"Industry: ","Financial Services","","","","","","","","","","","","","","","","","","","","","","","",""
"Currency: ","USD","","","","","","","","","","","","","","","","","","","","","","","",""
"Country: ","US","","","","","","","","","","","","","","","","","","","","","","","",""
"Market Cap.: ","9762","","","","","","","","","","","","","","","","","","","","","","","",""
"Enterprise Value: ","18493","","","","","","","","","","","","","","","","","","","","","","","",""
"period_end_date","1999-12","2000-12","2001-12","2002-12","2003-12","2004-12","2005-12","2006-12","2007-12","2008-12","2009-12","2010-12","2011-12","2012-12","2013-12","2014-12","2015-12","2016-12","2017-12","2019-11","2020-11","2021-11","2022-11","2023-11","TTM"
"revenue","706.6","512.448","358.187","296.517","124.366","64.05500000000001","332.253","450.853","877.789","1080.653","575.208","374.604","642.631","9404.584000000001","10999.007","12334.907","11683.927","3848.011","5048.906","5358.656","6955.93","8945.464","7149.263","7441.399","8212.777"
"cogs","","","","","100.278","45.055","281.451","386.466","753.5119999999999","895.424","285.249","525.98","405.573","7738.465","9156.099","10202.224","9658.281999999999","2288.326","2507.595","2454.849","3630.913","4327.49","3377.686","2931.409","3216.921"
"gross_profit","706.6","512.448","358.187","296.517","24.088","19","50.802","64.387","124.277","185.229","289.959","-151.376","237.058","1666.119","1842.908","2132.683","2025.645","1559.685","2541.311","2903.807","3325.017","4617.974","3771.577","4509.99","4995.856"
"sga","","","","","165.585","148.171","190.404","240.889","311.696","353.58","345.564","241.296","166.949","194.448","674.188","795.878","757.788","797.127","778.052","1009.643","1078.956","710.149","792.99","849.526","890.174"
"rnd","","","","","","","","","","","","","","","","","","","","","","109.772","150.5","177.541","113.3"
"special_charges","","","","","","","","","","","","","","","","","","","","","","","","",""
"other_opex","412.5","243.996","253.316","249.783","18.132","18.959","18.07","22.105","35.238","54.133","56.795","-20.674","36.799","118.291","168.915","245.688","224.133","117.111","110.395","152.871","158.439","274.992","214.969","173.283","273.524"
"total_opex","412.5","243.996","253.316","249.783","183.717","167.13","208.474","262.994","346.934","407.713","402.359","220.622","203.748","312.739","843.103","1041.566","981.921","914.2380000000001","888.447","1162.514","1237.395","1094.913","1158.459","1200.35","1276.998"
"operating_income","294.1","268.452","104.871","46.734","-159.629","-148.13","-157.672","-198.607","-222.657","-222.484","-112.4","-371.998","33.31","1353.38","999.8049999999999","1091.117","1043.724","645.447","1652.864","1741.293","2087.622","3523.061","2613.118","3309.64","3718.858"
"net_interest_income_normal","","","","","","","","","","-145.471","-128.754","22.148","","","-573.261","-848.422","-797.4690000000001","-812.6369999999999","-971.461","-1465.68","-945.056","-931.638","-1170.425","-2740.982","-3057.649"
"other_nonoperating_income","-56.2","-53.63","-53.284","-39.068","225.597","331.433","246.974","370.147","165.569","","","732.79","62.013","88.649","119.041","138.527","110.281","154.598","-74.901","202.995","-75.483","-337.318","-387.131","-214.389","-244.716"
"pretax_income","237.9","214.822","51.587","7.666","65.968","183.303","89.30200000000001","171.54","-57.088","-367.955","-241.154","382.94","95.32299999999999","1442.029","545.585","381.222","356.536","-12.592","606.502","478.608","1067.083","2254.105","1055.562","354.269","416.493"
"income_tax","-44.5","-68.21599999999999","11.341","144.865","35.174","20.544","1131.038","-41.771","559.771","-1673.675","-7.108","1136.968","-62.398","-539.4640000000001","-136.481","-165.971","-109.947","-25.773","-642.2859999999999","483.955","-298.673","-576.729","-273.852","-91.881","-119.146"
"net_income_continuing","193.4","146.606","62.928","152.531","101.142","203.847","1220.34","129.769","502.683","-2041.63","-248.262","1519.908","32.925","902.5650000000001","409.104","215.251","246.589","-38.365","-35.784","962.563","768.41","1677.376","781.71","262.388","297.347"
"net_income_discontinued","8.6","-30.598","-70.84699999999999","9.092000000000001","-4.088","-58.347","415.701","59.63","3.486","43.886","16.621","39.562","-7.969","-37.924","-46.911","-16.226","5.522","232.686","288.631","","","","","","-7.891"
"income_allocated_to_minority_interest","-5.5","-5.521","-5.521","-5.521","-2.761","","","","","1.387","1.685","-0.924","0.275","-10.175","10.444","9.343","31.539","-64.31999999999999","-81.121","2.133","6.829","-3.024","3.739","15.3","16.426"
"other_income_statement_items","18.5","5.521","5.932","5.521","2.761","","","","-21.875","-539.068","780.236","380.766","1.4210854715202E-14","","-5.6843418860808E-14","2.8421709430404E-14","","","","","","","","-5.6843418860808E-14","4.7961634663807E-14"
"net_income","215","116.008","-7.508","161.623","97.054","145.5","1636.041","189.399","484.294","-2535.425","550.28","1939.312","25.231","854.466","372.637","208.368","283.65","130.001","171.726","964.696","775.239","1674.352","785.449","277.688","305.882"
"preferred_dividends","","","","","","","","","","","","","","","3.397","4.062","4.063","4.063","4.375","5.103","5.634","6.949","8.281000000000001","14.616","26.789"
"net_income_available_to_shareholders","215","116.008","-7.508","161.623","97.054","145.5","1636.041","189.399","484.294","-2535.425","550.28","1939.312","25.231","854.466","369.24","204.306","279.587","125.938","167.351","959.593","769.605","1667.403","777.168","263.072","279.093"
"eps_basic","1.21","0.7","-0.05","0.97","0.53","0.68","7.59","0.88","2.22","-11","2.28","7.97","0.1","3.49","1.07","0.54","0.74","0.34","0.45","3.07","2.68","6.29","3.13","1.12","1.25"
"eps_diluted","1.21","0.7","-0.05","0.96","0.52","0.67","7.14","0.85","2.1","-11","2.25","7.85","0.1","3.44","1.06","0.54","0.74","0.34","0.45","3.03","2.65","6.13","3.06","1.1","1.22"
"shares_basic","178.177","166.519","166.844","167.196","183.121","203.8","215.552","215.226","218.15","230.494","241.437","243.379","244.425","244.583","339.673","371.889","372.43","371.211","368.197","310.694","285.693","263.595","247.378","232.609","232.609"
"shares_diluted","178.177","166.519","166.844","168.357","186.642","210.1","229.137","222.822","230.616","230.494","247.849","247.672","244.573","248.914","347.734","373.333","372.431","371.518","370.701","317.032","290.49","271.501","255.571","236.62","236.62"
"cash_and_equiv","","","","","","277.238","386.957","287.199","456.97","237.503","130.475","441.34","168.49","145.96","3907.595","4276.775","3638.648","3807.558","5275.48","7678.821","9055.147999999999","10755.133","9703.109","8526.362999999999","8526.362999999999"
"st_investments","","","","","","1084.745","1323.562","903.973","983.199","366.464","84.70699999999999","264.572","150.135","4434.164","19565.685","21221.259","18500.445","15286.286","16799.237","","","","","",""
"receivables","","","","","","160.234","377.216","69.822","133.765","138.363","163.863","150.328","339.01","814.298","5075.021","5647.393","5588.336","6550.276","7485.844","7397.063","8295.33","6240.905","5013.812","5955.644","5955.644"
"inventories","","","","","","","","","","","58.969","58.28","354.578","383.492","364.326","422.903","288.073","","","","","","","",""
"other_current_assets","","","","","","537.732","140.88","105.215","146.199","124.308","113.46","71.06999999999999","305.875","","3627.665","3450.092","751.0839999999999","985.42","578.014","806.297","611.838","13745.898","16189.153","20372.216","20372.216"
"total_current_assets","","","","","","2059.949","2228.615","1366.209","1720.133","866.638","551.474","985.59","1318.088","5777.914","32540.292","35018.422","28766.586","26629.54","30138.575","15882.181","17962.316","30741.936","30906.074","34854.223","34854.223"
"equity_and_other_investments","","","","","","","","","","3034.586","4893.123","6106.822","4218.67","","9164.050999999999","11061.431","11433.602","12121.368","11411.362","28819.981","30156.108","19353.023","14944.999","17731.366","17731.366"
"ppe_gross","","","","","","404.49","363.781","370.281","689.5700000000001","750.327","909.8","899.157","1207.272","1242.986","1299.636","1148.135","1260.552","1227.368","","385.029","897.204","911.23","906.864","1065.68","1065.68"
"accumulated_depreciation","","","","","","-121.16","-126.76","-136.065","-176.766","-215.687","-251.902","-311.786","-323.163","-385.626","-413.777","-421.759","-538.677","-518.126","","","","","","",""
"ppe_net","","","","","","283.33","237.021","234.216","512.804","534.64","657.898","587.371","884.109","857.36","885.859","726.376","721.875","709.242","","385.029","897.204","911.23","906.864","1065.68","1065.68"
"intangible_assets","","","","","","1.472","85.083","51.287","71.35599999999999","75.52800000000001","43.074","34.486","858.4690000000001","829.826","1020.528","978.373","912.022","797.968","741.03","182.954","167.157","-0.0019999999999527","0.0040000000001328","-0.0039999999999054","-0.0039999999999054"
"goodwill","","","","","","","","8.15","8.15","9.32","8.15","8.15","18.12","24.2","1748.1","1742.39","1736.34","1715.71","1722.15","1739.98","1746.31","1745.1","1736.11","1847.86","1847.86"
"other_lt_assets","3070.2","3143.637","2469.087","2541.778","4389.23","2455.652","2710.165","3643.962","5814.179","677.7809999999999","608.645","1627.879","1965.733","1859.818","2507.951","3096.916","2760.759","3097.479","3155.991","2450.109","2189.257","3356.024","2563.632","2406.036","2406.036"
"total_assets","3070.2","3143.637","2469.087","2541.778","4389.23","4800.403","5260.884","5303.824","8126.622","5198.493","6762.364","9350.298000000001","9263.189","9349.118","47866.781","52623.908","46331.184","45071.307","47169.108","49460.234","53118.352","56107.311","51057.683","57905.161","57905.161"
"accounts_payable","","","","","","407.35","259.778","127.739","41.877","35.104","31.3","18.166","80.95999999999999","588.58","8309.945","10516.491","7107.081","7373.708","7167.666","8179.013","10388.072","8413.574000000001","6207.581","7698.367","7698.367"
"tax_payable","","","","","","","","","","7.363","4.422","5.268","9.207000000000001","","","","","","","","","","","",""
"current_accrued_liabilities","","","","","","","","","187.683","98.018","107.576","151.28","162.707","","","","","","","","","3334.371","2573.927","2546.211","2546.211"
"st_debt","","","","","23.604","86.709","175.664","184.815","132.405","248.713","114.01","142.659","446.743","391.705","10791.845","10684.157","10277.527","7317.518","9096.726000000001","8053.16","9080.984","221.863","528.3920000000001","989.715","989.715"
"current_deferred_revenue","","","","","","52.632","","","86.99299999999999","98.453","","","","","","","","","","","","","","",""
"current_deferred_tax_liability","","","","","","","","","","","","","","","","","","","","","","","","",""
"other_current_liabilities","","","","","0.396","112.646","38.954","14.099","10.992","75.265","367.673","430.467","177.515","0.85399999999993","7293.102","8904.592000000001","6840.43","8388.619000000001","8454.965","1.8189894035459E-12","","1.8189894035459E-12","","1173.648","1173.648"
"total_current_liabilities","","","","","24","659.337","474.396","326.653","459.95","562.9160000000001","624.981","747.84","877.1319999999999","981.139","26394.892","30105.24","24225.038","23079.845","24719.357","16232.173","19469.056","11969.808","9309.9","12407.941","12407.941"
"lt_debt","483.3","374.523","252.279","233.073","1148.17","1483.504","986.718","974.646","2004.145","1832.743","1657.779","1548.469","1874.389","1358.695","10686.987","11126.416","10414.882","10199.575","10729.694","9862.200999999999","10162.787","10651.466","12661.613","14557.555","14557.555"
"noncurrent_capital_leases","","","","","","","","","","","","","","","","","","","","","584.807","548.295","533.708","544.65","544.65"
"pension_liabilities","","","","","","","","","","","","","","","","","","","","","","","","",""
"noncurrent_deferred_revenue","","","","","","","","","","","","","","","","","","","","","","","","",""
"other_lt_liabilities","1349.8","1451.761","908.915","665.671","1065.331","380.634","121.893","90.268","71.06100000000001","107.443","105.107","90.608","97.498","","370.774","835.54399999999","1033.741","1151.429","1154.485","13737.571","13438.501","22332.702","18250.522","20592.474","20592.474"
"total_liabilities","1833.1","1826.284","1161.194","898.744","2237.501","2523.475","1583.007","1391.567","2535.156","2503.102","2387.867","2386.917","2849.019","2339.834","37452.653","42067.2","35673.661","34430.849","36603.536","39831.945","43655.151","45502.271","40755.743","48102.62","48102.62"
"common_stock","57","55","55","58","71","108","108","216","223","238","243","244","245","245","365","367","363","359","356","292","250","244","226","211","211"
"preferred_stock","","","","47.507","","","","","","","","","","","125","125","125","125","125","125","125","125","","0.042","0.042"
"retained_earnings","989.8","1092.019","1070.682","1218.464","1297.812","1416.411","3025.444","3160.758","3589.408","1053.983","1604.263","3482.623","3446.708","4240.028","4318.84","4428.069","4612.982","4645.391","4700.968","5933.389","6531.836","7940.113","8418.353999999999","7849.844","7849.844"
"aoci","","","","","","136.138","-81.502","-4.726","975.365","-29.28","985.032","1687.363","912.421","705.129","538.05","447.082","438.793","310.697","372.724","-273.039","-288.917","-372.143","-379.419","-395.545","-395.545"
"apic","84.90000000000001","54.34","54.791","154.26","613.274","598.504","609.943","520.8920000000001","783.145","1413.595","1529.064","1542.964","1570.684","1577.528","4881.031","5059.508","4986.819","4812.587","4676.038","3627.711","2911.223","2742.244","1967.781","2044.859","2044.859"
"treasury_stock","","","","","","","","","","","","","","","","","","","","","","","","",""
"other_equity","-9.699999999999999","2.8820000000001","14.98","56.294","152.075","-0.40000000000009","0.028999999999542","0.35100000000011","-0.42599999999948","0.49900000000025","0.28799999999956","-0.1919999999991","-0.41700000000037","-0.41700000000037","-125.459","-124.501","-125.383","-124.575","-124.773","-125.356","-125.249","-125.459","0.13000000000102","-0.37300000000141","-0.37300000000141"
"minority_interest_liability","115.1","113.112","112.44","108.509","17.568","18.275","15.963","18.982","20.974","18.594","12.85","6.623","239.774","242.016","311.666","254.55","256.312","512.3579999999999","459.615","48.584","59.308","51.285","69.09399999999999","92.714","92.714"
"total_equity","1237.1","1317.353","1307.893","1643.034","2151.729","2276.928","3677.877","3912.257","5591.466","2695.391","4374.497","6963.381","6414.17","7009.284","10414.128","10556.708","10657.523","10640.458","10565.572","9628.289000000001","9463.200999999999","10605.04","10301.94","9802.540999999999","9802.540999999999"
"total_liabilities_and_equity","3070.2","3143.637","2469.087","2541.778","4389.23","4800.403","5260.884","5303.824","8126.622","5198.493","6762.364","9350.298000000001","9263.189","9349.118","47866.781","52623.908","46331.184","45071.307","47169.108","49460.234","53118.352","56107.311","51057.683","57905.161","57905.161"
"cfo_net_income","193.4","116.008","-7.508","161.623","97.054","145.5","1636.041","189.399","484.294","-2536.812","548.595","1879.239","15.287","870.99","352.087","186.459","244.275","194.321","252.847","962.563","768.41","1677.376","781.71","262.388","289.456"
"cfo_da","","","","","61.099","235.916","189.496","24","42.443","72.283","86.377","105.854","96.623","170.113","138.964","139.744","172.073","71.613","64.759","129.766","142.394","144.255","189.343","113.473","124.087"
"cfo_receivables","","","","","-18.086","19.578","20.85","183.263","11.989","6.445","14.222","-11.496","","-23.358","242.798","-499.31","463.62","-334.564","-1503.642","733.571","-1041.873","-493.98","1216.441","-1020.386","-1619.652"
"cfo_inventory","","","","","","","","","","","","-2.159","","-30.069","","","","","","","","","","",""
"cfo_prepaid_expenses","","","","","-6.559","11.491","-29.978","5.776","-0.588","3.838","11.679","-1.311","-7.248","4.224","","","","","","","","","","",""
"cfo_other_working_capital","63.8","-54.943","-39.346","17.353","-35.185","-4.029","22.972","-121.119","1.951","-29.624","-12.743","3.193","79.38800000000001","177.972","29.851","-942.064","-1780.506","297.47","1094.757","-2183.259","1612.5","151.639","398.88","-1562.681","-498.706"
"cfo_change_in_working_capital","63.8","-54.943","-39.346","17.353","-59.83","27.04","13.844","67.92","13.352","-19.341","13.158","-11.773","72.14","128.769","272.649","-1441.374","-1316.886","-37.094","-408.885","-1449.688","570.627","-342.341","1615.321","-2583.067","-2118.358"
"cfo_deferred_tax","40.7","28.318","-35.291","-28.048","28.96","7.242","-1135.1","99.98999999999999","-567.864","1672.063","19.612","-1166.417","22.424","484.974","70.047","126.885","134.016","118.631","712.0549999999999","-538.192","64.667","96.89","-70.396","10.462",""
"cfo_stock_comp","","","","","","","","","","12.18","11.11","4.26","23.26","14.46","87.31","109.84","74.09","33.6","48.38","49.85","40.04","78.16","43.92","45.36","51.85"
"cfo_other_noncash_items","-205.7","-115.867","67.51000000000001","-95.551","-150.545","-347.261","-383.171","-289.787","9.4060000000001","808.439","-812.25","-379.897","-786.505","-1023.867","-218.717","-108.714","-69.32299999999999","191.343","119.138","17.864","489.81","-72.05","-755.051","217.758","235.284"
"cf_cfo","92.2","-26.484","-14.635","55.377","-23.262","68.437","321.11","91.52200000000001","-18.369","8.811999999999999","-133.398","431.266","-556.771","645.439","702.34","-987.16","-761.755","572.414","788.294","-827.837","2075.948","1582.29","1804.847","-1933.626","-1417.681"
"cfi_ppe_net","-127.9","-93.233","-53.337","","-42.508","2.868","-128.591","78.31","-53.846","-62.96","2.592","111.617","-12.152","-71.325","-141.729","-548.826","-273.074","-209.993","-94.985","-220.927","-171.837","-165.605","-224.301","-1.155","-72.244"
"cfi_acquisitions_net","","","","","","","","","","-792.048","-179.67","169.528","-1019.041","-25.232","3017.958","-269.458","-16.512","-9.999000000000001","441.743","890.789","179.654","","310.042","215.187",""
"cfi_investment_net","732.1","198.336","-115.835","62.375","-431.756","-268.282","-143.252","-295.034","-839.256","528.59","252.596","-555.127","1200.796","-816.502","417.597","1248.141","1437.454","-93.545","-359.072","1441.284","22.08","-2336.173","-348.057","-251.751","-92.61"
"cfi_intangibles_net","","","","","","","","","","","","","","","","","","","","","","","","",""
"cfi_other","161.6","171.952","80.56999999999999","-118.895","257.233","248.696","294.434","30.548","-64.257000000001","-76.613","-3.5470000000001","65.264","221.066","896.4400000000001","29.796","19.226","-366.703","-322.678","-42.32","-404.051","-216.089","2091.913","201.777","25.515","43.456"
"cf_cfi","765.8","277.055","-88.602","-56.52","-217.031","-16.718","22.591","-186.176","-957.359","-403.031","71.971","-208.718","390.669","-16.619","3323.622","449.083","781.165","-636.215","-54.634","1707.095","-186.192","-409.865","-60.539","-12.204","-121.398"
"cff_common_stock_net","-125.5","-32.094","0.472","149.927","1.232","22.006","3.522","4.107","253.278","106.202","0.958","11.277","6.971","","-34.467","-73.538","-124.531","-93.958","-98.976","-508.802","-816.871","-269.4","-859.593","-169.402","-161.572"
"cff_pfd_net","","","","","","","","","","","","","","","","","","","","","","","","31.5",""
"cff_debt_net","-200.7","-7.264","60.941","-7.12","297.507","345.939","-394.607","30.453","942.343","72.795","7.156","116.696","-51.442","-571.902","170.636","1038.773","-449.009","496.233","791.263","2247.273","235.329","1496.626","-1768.531","1470.562","2068.902"
"cff_dividend_paid","-811.9","-13.824","-13.829","-13.841","-17.706","-26.901","-27.008","-54.085","-55.644","","","-60.952","-61.146","-61.146","-91.33499999999999","-93.071","-92.55","-91.29600000000001","-117.407","-149.647","-160.94","-222.798","-280.104","-278.595","-279.735"
"cff_other","128.3","117.012","-45.928","-82.351","-245.845","-120.516","-24.565","14.313","5.4830000000002","-4.179","-30.062","-2.357","-1.02","-18.66","-315.341","45.618","14.107","-80.07299999999999","-140.079","0.7539999999996799","18.957","-10.134","65.003","6.0590000000002","31.775"
"cf_cff","-1009.8","63.83","1.656","46.615","35.188","220.528","-442.658","-5.212","1145.46","174.818","-21.948","64.664","-106.637","-651.708","-270.507","917.782","-651.9829999999999","230.906","434.801","1589.578","-723.525","994.294","-2843.225","1060.124","1659.37"
"ebitda","294.1","268.452","104.871","46.734","-98.53","87.786","31.824","-174.607","-180.214","-150.201","-26.023","-266.144","129.933","1523.493","1138.769","1230.861","1215.797","717.0599999999999","1717.623","1871.059","2230.016","3667.316","2802.461","3423.113","3842.945"
"capex","-127.9","-93.233","-53.337","","-42.508","2.868","-128.591","78.31","-53.846","-62.96","2.592","111.617","-12.152","-71.325","-141.729","-548.826","-273.074","-209.993","-94.985","-220.927","-171.837","-165.605","-224.301","-1.155","-72.244"
"fcf","-35.7","-119.717","-67.97199999999999","55.377","-65.77","71.30500000000001","192.519","169.832","-72.215","-54.148","-130.806","542.883","-568.923","574.114","560.611","-1535.986","-1034.829","362.421","693.309","-1048.764","1904.111","1416.685","1580.546","-1934.781","-1489.925"
"book_value","1237.1","1317.353","1307.893","1595.527","2151.729","2276.928","3677.877","3912.257","5591.466","2695.391","4374.497","6963.381","6414.17","7009.284","10289.128","10431.708","10532.523","10515.458","10440.572","9503.289000000001","9338.200999999999","10480.04","10301.94","9802.499","9867.833000000001"
"tangible_book_value","1237.1","1317.353","1307.893","1595.527","2151.729","2275.456","3592.794","3852.82","5511.96","2610.543","4323.273","6920.745","5537.581","6155.258","7520.5","7710.945","7884.161","8001.78","7977.392","7580.355","7424.734","8734.941999999999","8565.825999999999","7954.643","8043.796"
"roa","0.06","0.04","","0.06","0.03","0.03","0.33","0.04","0.07000000000000001","-0.38","0.09","0.24","","0.09","0.01","","0.01","","","0.02","0.02","0.03","0.01","0.01","0.01"
"roe","0.13","0.09","-0.01","0.11","0.05","0.07000000000000001","0.55","0.05","0.1","-0.61","0.16","0.34","","0.13","0.04","0.02","0.03","0.01","0.02","0.1","0.08","0.17","0.08","0.03","0.03"
"roic","0.09","0.06","","0.09","0.04","0.04","0.38","0.04","0.08","-0.4","0.1","0.26","","0.1","0.02","0.01","0.01","","0.01","0.03","0.03","0.07000000000000001","0.03","0.01","0.01"
"roce","0.08","0.09","0.04","0.02","-0.05","-0.03","-0.03","-0.04","-0.03","-0.04","-0.02","-0.05","","0.15","0.05","0.03","0.03","0.02","0.05","0.05","0.05","0.08","0.06","0.07000000000000001","0.08"
"rotce","0.08","0.09","0.04","0.02","-0.05","-0.03","-0.03","-0.04","-0.03","-0.04","-0.02","-0.05","","0.17","0.05","0.04","0.03","0.02","0.06","0.05","0.05","0.08","0.06","0.08","0.08"
"gross_margin","1","1","1","1","0.19","0.3","0.15","0.14","0.14","0.17","0.5","-0.4","0.37","0.18","0.17","0.17","0.17","0.41","0.5","0.54","0.48","0.52","0.53","0.61","0.61"
"ebitda_margin","0.42","0.52","0.29","0.16","-0.79","1.37","0.1","-0.39","-0.21","-0.14","-0.05","-0.71","0.2","0.16","0.1","0.1","0.1","0.19","0.34","0.35","0.32","0.41","0.39","0.46","0.47"
"operating_margin","0.42","0.52","0.29","0.16","-1.28","-2.31","-0.47","-0.44","-0.25","-0.21","-0.2","-0.99","0.05","0.14","0.09","0.09","0.09","0.17","0.33","0.32","0.3","0.39","0.37","0.44","0.45"
"pretax_margin","0.34","0.42","0.14","0.03","0.53","2.86","0.27","0.38","-0.07000000000000001","-0.34","-0.42","1.02","0.15","0.15","0.05","0.03","0.03","","0.12","0.09","0.15","0.25","0.15","0.05","0.05"
"net_income_margin","0.3","0.23","-0.02","0.55","0.78","2.27","4.92","0.42","0.55","-2.35","0.96","5.18","0.04","0.09","0.03","0.02","0.02","0.03","0.03","0.18","0.11","0.19","0.11","0.04","0.04"
"fcf_margin","-0.05","-0.23","-0.19","0.19","-0.53","1.11","0.58","0.38","-0.08","-0.05","-0.23","1.45","-0.89","0.06","0.05","-0.12","-0.09","0.09","0.14","-0.2","0.27","0.16","0.22","-0.26","-0.18"
"assets_to_equity","2.48","2.39","1.89","1.55","2.04","2.11","1.43","1.36","1.45","1.93","1.55","1.34","1.44","1.33","4.6","4.98","4.35","4.24","4.46","5.14","5.61","5.29","4.96","5.91","6.17"
"equity_to_assets","0.4","0.42","0.53","0.65","0.49","0.47","0.7","0.74","0.6899999999999999","0.52","0.65","0.74","0.6899999999999999","0.75","0.22","0.2","0.23","0.24","0.22","0.19","0.18","0.19","0.2","0.17","0.16"
"debt_to_equity","0.39","0.28","0.19","0.14","0.54","0.6899999999999999","0.32","0.3","0.38","0.77","0.41","0.24","0.36","0.25","2.06","2.07","1.94","1.65","1.88","1.86","2.1","1.08","1.33","1.64","1.84"
"debt_to_assets","0.16","0.12","0.1","0.09","0.27","0.33","0.22","0.22","0.26","0.4","0.26","0.18","0.25","0.19","0.45","0.41","0.45","0.39","0.42","0.36","0.37","0.2","0.27","0.28","0.3"
"revenue_per_share","3.97","3.08","2.15","1.76","0.67","0.3","1.45","2.02","3.81","4.69","2.32","1.51","2.63","37.78","31.63","33.04","31.37","10.36","13.62","16.9","23.95","32.95","27.97","31.45","35.62"
"ebitda_per_share","1.65","1.61","0.63","0.28","-0.53","0.42","0.14","-0.78","-0.78","-0.65","-0.1","-1.07","0.53","6.12","3.27","3.3","3.26","1.93","4.63","5.9","7.68","13.51","10.97","14.47","16.68"
"operating_income_per_share","1.65","1.61","0.63","0.28","-0.86","-0.71","-0.6899999999999999","-0.89","-0.97","-0.97","-0.45","-1.5","0.14","5.44","2.88","2.92","2.8","1.74","4.46","5.49","7.19","12.98","10.22","13.99","16.14"
"pretax_income_per_share","1.34","1.29","0.31","0.05","0.35","0.87","0.39","0.77","-0.25","-1.6","-0.97","1.55","0.39","5.79","1.57","1.02","0.96","-0.03","1.64","1.51","3.67","8.300000000000001","4.13","1.5","1.83"
"fcf_per_share","-0.2","-0.72","-0.41","0.33","-0.35","0.34","0.84","0.76","-0.31","-0.23","-0.53","2.19","-2.33","2.31","1.61","-4.11","-2.78","0.98","1.87","-3.31","6.55","5.22","6.18","-8.18","-6.69"
"book_value_per_share","6.94","7.91","7.84","9.48","11.53","10.84","16.05","17.56","24.25","11.69","17.65","28.12","26.23","28.16","29.59","27.94","28.28","28.3","28.16","29.98","32.15","38.6","40.31","41.43","43.8"
"tangible_book_per_share","6.94","7.91","7.84","9.48","11.53","10.83","15.68","17.29","23.9","11.33","17.44","27.94","22.64","24.73","21.63","20.65","21.17","21.54","21.52","23.91","25.56","32.17","33.52","33.62","35.7"
"payout_ratio","0.44","0.12","-1.84","0.09","0.16","0.19","0.02","0.29","0.12","","","0.03","2.5","0.07000000000000001","0.24","0.46","0.34","0.74","0.72","0.17","0.23","0.15","0.39","1.09","0.98"
"revenue_growth","0.33","-0.27","-0.3","-0.17","-0.58","-0.48","4.19","0.36","0.95","0.23","-0.47","-0.35","0.72","13.63","0.17","0.12","-0.05","-0.67","0.31","0.06","0.3","0.29","-0.2","0.04",""
"gross_profit_growth","0.33","-0.27","-0.3","-0.17","-0.92","-0.21","1.67","0.27","0.93","0.49","0.57","-1.52","2.57","6.03","0.11","0.16","-0.05","-0.23","0.63","0.14","0.15","0.39","-0.18","0.2",""
"ebitda_growth","2.95","-0.09","-0.61","-0.55","-3.11","1.89","-0.64","-6.49","-0.03","0.17","0.83","-9.23","1.49","10.73","-0.25","0.08","-0.01","-0.41","1.4","0.09","0.19","0.64","-0.24","0.22",""
"operating_income_growth","2.95","-0.09","-0.61","-0.55","-4.42","0.07000000000000001","-0.06","-0.26","-0.12","","0.49","-2.31","1.09","39.63","-0.26","0.09","-0.04","-0.38","1.56","0.05","0.2","0.6899999999999999","-0.26","0.27",""
"pretax_income_growth","10.27","-0.1","-0.76","-0.85","7.61","1.78","-0.51","0.92","-1.33","-5.45","0.34","2.59","-0.75","14.13","-0.62","-0.3","-0.06","-1.04","49.17","-0.21","1.23","1.11","-0.53","-0.66",""
"net_income_growth","2.96","-0.46","-1.06","22.53","-0.4","0.5","10.24","-0.88","1.56","-6.24","1.22","2.52","-0.99","32.87","-0.5600000000000001","-0.44","0.36","-0.54","0.32","4.62","-0.2","1.16","-0.53","-0.65",""
"eps_diluted_growth","3.21","-0.42","-1.06","22.33","-0.46","0.29","9.66","-0.88","1.47","-6.24","1.2","2.49","-0.99","33.4","-0.6899999999999999","-0.49","0.37","-0.54","0.32","5.73","-0.13","1.31","-0.5","-0.64",""
"shares_diluted_growth","-0.06","-0.07000000000000001","","0.01","0.11","0.13","0.09","-0.03","0.03","","0.08","","-0.01","0.02","0.4","0.07000000000000001","","","","-0.14","-0.08","-0.07000000000000001","-0.06","-0.07000000000000001",""
"cash_and_equiv_growth","","","","","","","0.4","-0.26","0.59","-0.48","-0.45","2.38","-0.62","-0.13","25.77","0.09","-0.15","0.05","0.39","0.46","0.18","0.19","-0.1","-0.12",""
"ppe_growth","","","","","","","-0.16","-0.01","1.19","0.04","0.23","-0.11","0.51","-0.03","0.03","-0.18","-0.01","-0.02","-1","","1.33","0.02","","0.18",""
"total_assets_growth","-0.22","0.02","-0.21","0.03","0.73","0.09","0.1","0.01","0.53","-0.36","0.3","0.38","-0.01","0.01","4.12","0.1","-0.12","-0.03","0.05","0.05","0.07000000000000001","0.06","-0.09","0.13",""
"total_equity_growth","-0.37","0.06","-0.01","0.26","0.31","0.06","0.62","0.06","0.43","-0.52","0.62","0.59","-0.08","0.09","0.49","0.01","0.01","","-0.01","-0.09","-0.02","0.12","-0.03","-0.05",""
"cfo_growth","1.79","-1.29","0.45","4.78","-1.42","3.94","3.69","-0.71","-1.2","1.48","-16.14","4.23","-2.29","2.16","0.09","-2.41","0.23","1.75","0.38","-2.05","3.51","-0.24","0.14","-2.07",""
"capex_growth","-0.61","0.27","0.43","1","","1.07","-45.84","1.61","-1.69","-0.17","1.04","42.06","-1.11","-4.87","-0.99","-2.87","0.5","0.23","0.55","-1.33","0.22","0.04","-0.35","0.99",""
"fcf_growth","0.82","-2.35","0.43","1.81","-2.19","2.08","1.7","-0.12","-1.43","0.25","-1.42","5.15","-2.05","2.01","-0.02","-3.74","0.33","1.35","0.91","-2.51","2.82","-0.26","0.12","-2.22",""
"shares_eop","170.406","165.89","165.955","174.806","212.471","214.44","216.058","216.351","222.576","238.499","243.288","243.808","244.583","244.583","364.541","367.499","362.617","359.425","356.227","291.644","249.751","243.541","226.13","210.627","212.04"
"dividends","0.53","0.08","0.08","0.08","0.08","0.13","0.13","0.25","0.25","","","0.25","0.25","0.25","0.25","0.25","0.25","0.25","0.33","0.5","0.6","0.9","1.2","1.2","1.2"
"price_to_earnings","5.32","14.7","-185.1","11.7","29.33","29.7","2.73","28.03","18.84","-1.62","9.15","3.19","191.82","5.93","24.8","35.37","19.89","57.5","49.15","6.04","7","5.22","10.45","26.88","28.98"
"price_to_book","0.92","1.29","1.06","1.19","1.32","1.9","1.21","1.36","1.63","1.52","1.15","0.89","0.75","0.72","0.9","0.71","0.54","0.71","0.8100000000000001","0.61","0.58","0.83","0.8","0.76","0.9"
"price_to_sales","1.62","3.33","3.88","6.38","22.89","67.47","13.43","11.78","10.39","3.8","8.76","16.53","7.53","0.54","0.84","0.6","0.48","1.94","1.67","1.09","0.78","0.98","1.15","1","1.08"
"price_to_tangible_book","0.92","1.29","1.06","1.19","1.32","1.9","1.24","1.38","1.66","1.57","1.16","0.89","0.87","0.82","1.23","0.96","0.72","0.93","1.06","0.77","0.73","1","0.96","0.9399999999999999","1.1"
"price_to_fcf","-32.02","-14.24","-20.45","34.16","-43.28","60.61","23.17","31.26","-126.32","-75.89","-38.5","11.4","-8.51","8.82","16.48","-4.8","-5.45","20.62","12.17","-5.55","2.85","6.17","5.19","-3.86","-5.95"
"market_cap","1143.083448","1705.18331","1389.70717","1891.750532","2846.686458","4321.60932","4461.381642","5309.037189","9122.499936","4109.33777","5036.548176","6190.772736","4839.808404","5063.357266","9240.749809000001","7369.824946","5640.507435","7474.6023","8440.442537999999","5824.422324","5424.341969","8745.313769","8208.745129999999","7464.62088","8865.881820000001"
"period_end_price","6.71","10.28","8.369999999999999","10.82","13.4","20.15","20.65","24.54","40.99","17.23","20.7","25.39","19.79","20.7","25.35","20.05","15.56","20.8","23.69","19.97","21.72","35.91","36.3","35.44","35.44"
